Learner,Recall(Sick),Recall(weighted),F1(Sick),F1(weighted),MCC,Precision(Sick),AUC,CA
"LogisticRegressionLearner(C=0.03, class_weight='balanced', random_state=0, max_iter=10000)",0.7727272727272727,0.8089772362936839,0.853877470937362,0.8178758202400057,0.6144520718206353,0.9540721253973473,0.8959875766802754,0.8089772362936839
"LogisticRegressionLearner(C=0.1, class_weight='balanced', random_state=0, max_iter=10000)",0.7745916193181818,0.8100673292722026,0.8548892808152068,0.818867036960549,0.615656095241367,0.9537603847835593,0.8960388225871624,0.8100673292722026
"LogisticRegressionLearner(C=0.3, class_weight='balanced', random_state=0, max_iter=10000)",0.7741477272727273,0.8093619749919846,0.8543575172684074,0.8181924075719823,0.614006470697658,0.9531096294677014,0.8960447056172729,0.8093619749919846
"LogisticRegressionLearner(class_weight='balanced', random_state=0, max_iter=10000)",0.7742365056818182,0.8092978518756011,0.8543299373040752,0.8181253778107169,0.6137094556636723,0.9529064685314685,0.8960404419578201,0.8092978518756011
"RandomForestLearner(n_estimators=100, max_depth=5, min_samples_split=5, random_state=0, class_weight='balanced')",0.8198686079545454,0.8509778775248477,0.8882369914398384,0.8571925084914304,0.6906450285214069,0.9690451206715635,0.9384075855093301,0.8509778775248477
"RandomForestLearner(n_estimators=100, max_depth=10, min_samples_split=5, random_state=0, class_weight='balanced')",0.8522727272727273,0.8802821417120872,0.9113779845255613,0.8847700431593346,0.7465501378341938,0.9792920534530246,0.9637583514429535,0.8802821417120872
"RandomForestLearner(n_estimators=100, max_depth=20, min_samples_split=5, random_state=0, class_weight='balanced')",0.9093572443181818,0.9168323180506572,0.9404581554423174,0.918703397975903,0.8083009326685492,0.9737617644262763,0.9757348376070506,0.9168323180506572
"RandomForestLearner(n_estimators=100, min_samples_split=5, random_state=0, class_weight='balanced')",0.9303089488636364,0.9198461045206797,0.943713976945245,0.9206964406569368,0.8056551559175511,0.9575109649122807,0.9759117179792616,0.9198461045206797
"RandomForestLearner(n_estimators=200, max_depth=5, min_samples_split=5, random_state=0, class_weight='balanced')",0.8244850852272727,0.8545046489259378,0.891138511730557,0.8604704417959276,0.6965609163412616,0.969516651007412,0.9385248361442875,0.8545046489259378
"RandomForestLearner(n_estimators=200, max_depth=10, min_samples_split=5, random_state=0, class_weight='balanced')",0.8512961647727273,0.8797050336646361,0.9108957917735347,0.8842408641157526,0.745731743757,0.9794688457609806,0.9643515125659883,0.8797050336646361
"RandomForestLearner(n_estimators=200, max_depth=20, min_samples_split=5, random_state=0, class_weight='balanced')",0.9085582386363636,0.9159345944212889,0.9398043987327241,0.9178343376397848,0.8062694499353984,0.9732762719923919,0.9759124764186835,0.9159345944212889
"RandomForestLearner(n_estimators=200, min_samples_split=5, random_state=0, class_weight='balanced')",0.9298650568181818,0.9194613658223789,0.9434336155647631,0.9203257113505932,0.8047956981510154,0.9574040219378428,0.976097381899913,0.9194613658223789
"RandomForestLearner(n_estimators=100, max_depth=5, min_samples_split=10, random_state=0, class_weight='balanced')",0.8201349431818182,0.850593138826547,0.8880130731519754,0.8567985632206522,0.6892294087083299,0.9681408509746384,0.9382619446419577,0.850593138826547
"RandomForestLearner(n_estimators=100, max_depth=10, min_samples_split=10, random_state=0, class_weight='balanced')",0.8527166193181818,0.8801538954793203,0.9113335547227098,0.8846222295950034,0.7457805555359412,0.978604177279674,0.9636266494622541,0.8801538954793203
"RandomForestLearner(n_estimators=100, max_depth=20, min_samples_split=10, random_state=0, class_weight='balanced')",0.90625,0.9153574863738377,0.9392712550607287,0.9173608399596235,0.8060672122948992,0.9747899159663865,0.9754796739874791,0.9153574863738377
"RandomForestLearner(n_estimators=100, min_samples_split=10, random_state=0, class_weight='balanced')",0.9190340909090909,0.9177300416800257,0.9416473370628099,0.9191360241642249,0.8053187808757407,0.9654014734682458,0.975767245518566,0.9177300416800257
"RandomForestLearner(n_estimators=200, max_depth=5, min_samples_split=10, random_state=0, class_weight='balanced')",0.8231534090909091,0.8525809554344341,0.8896991795806746,0.8586256261299415,0.6921490512386473,0.967950725545464,0.9383685976233705,0.8525809554344341
"RandomForestLearner(n_estimators=200, max_depth=10, min_samples_split=10, random_state=0, class_weight='balanced')",0.8508522727272727,0.879127925617185,0.9104640668788296,0.8836875397397979,0.7444386857627968,0.979058126468485,0.9642258268547574,0.879127925617185
"RandomForestLearner(n_estimators=200, max_depth=20, min_samples_split=10, random_state=0, class_weight='balanced')",0.9059836647727273,0.9152292401410709,0.9391680471194552,0.9172439673936396,0.8058728517826598,0.9748758119984715,0.9756585222025147,0.9152292401410709
"RandomForestLearner(n_estimators=200, min_samples_split=10, random_state=0, class_weight='balanced')",0.9202769886363636,0.9195896120551459,0.9429637041753843,0.9209660525081196,0.8098213141080549,0.9667972393210222,0.9760604131026848,0.9195896120551459
"RandomForestLearner(n_estimators=100, max_depth=5, min_samples_split=20, random_state=0, class_weight='balanced')",0.8203125,0.8516832318050658,0.888760640600202,0.8578705266266066,0.6923048372801038,0.9696715290166859,0.9381216435980825,0.8516832318050658
"RandomForestLearner(n_estimators=100, max_depth=10, min_samples_split=20, random_state=0, class_weight='balanced')",0.8504971590909091,0.8793844180827188,0.9106031082172901,0.8839584837276205,0.7455085534943505,0.9798506699396543,0.9636354740074201,0.8793844180827188
"RandomForestLearner(n_estimators=100, max_depth=20, min_samples_split=20, random_state=0, class_weight='balanced')",0.9029651988636364,0.9141391471625521,0.9382408560490753,0.9162859709533698,0.8047172520439362,0.976384755687818,0.9755460271877165,0.9141391471625521
"RandomForestLearner(n_estimators=100, min_samples_split=20, random_state=0, class_weight='balanced')",0.9087357954545454,0.9154857326066047,0.9395135383203305,0.9173721709700867,0.8049047050232904,0.9724491734752042,0.9754532003519814,0.9154857326066047
"RandomForestLearner(n_estimators=200, max_depth=5, min_samples_split=20, random_state=0, class_weight='balanced')",0.8193359375,0.8507855081756973,0.8880442626894395,0.8570269314450344,0.6906062362931724,0.9693309526310262,0.9379728664812084,0.8507855081756973
"RandomForestLearner(n_estimators=200, max_depth=10, min_samples_split=20, random_state=0, class_weight='balanced')",0.8492542613636364,0.8788073100352677,0.9100941870421463,0.8834412632976949,0.744936636258979,0.9803238368518139,0.9638787690749563,0.8788073100352677
"RandomForestLearner(n_estimators=200, max_depth=20, min_samples_split=20, random_state=0, class_weight='balanced')",0.9025213068181818,0.9138185315806349,0.9379959402103709,0.9159836726519546,0.8041000621410624,0.97637341529005,0.9755865934476082,0.9138185315806349
"RandomForestLearner(n_estimators=200, min_samples_split=20, random_state=0, class_weight='balanced')",0.9095348011363636,0.9158063481885219,0.939778929505114,0.917657857877936,0.8053224140017249,0.9721036151437518,0.9757145442279236,0.9158063481885219
"TreeLearner(binarize=True, max_depth=3, min_samples_leaf=5, min_samples_split=10)",0.8607066761363636,0.8339211285668483,0.8821656050955414,0.8367917011116609,0.6036898834184203,0.904721911160881,0.8685892702878036,0.8339211285668483
"TreeLearner(binarize=True, max_depth=5, min_samples_leaf=5, min_samples_split=10)",0.8528053977272727,0.8532221865982687,0.8935398353564951,0.8574957158866059,0.6668691780974775,0.9383608479046596,0.892355482032939,0.8532221865982687
"TreeLearner(binarize=True, max_depth=10, min_samples_leaf=5, min_samples_split=10)",0.8903586647727273,0.882077588970824,0.9160158925880257,0.8843820191421846,0.7220472631859532,0.9431957114643092,0.9270179982184463,0.882077588970824
"TreeLearner(binarize=True, max_depth=3, min_samples_leaf=5, min_samples_split=20)",0.8607066761363636,0.8339211285668483,0.8821656050955414,0.8367917011116609,0.6036898834184203,0.904721911160881,0.8685892702878036,0.8339211285668483
"TreeLearner(binarize=True, max_depth=5, min_samples_leaf=5, min_samples_split=20)",0.8528053977272727,0.8532221865982687,0.8935398353564951,0.8574957158866059,0.6668691780974775,0.9383608479046596,0.892355482032939,0.8532221865982687
"TreeLearner(binarize=True, max_depth=10, min_samples_leaf=5, min_samples_split=20)",0.8903586647727273,0.8818210965052902,0.915848591388521,0.8841179249358839,0.7213143620578238,0.9428410266052458,0.9269804247195167,0.8818210965052902
"TreeLearner(binarize=True, max_depth=3, min_samples_leaf=5, min_samples_split=50)",0.8607066761363636,0.8339211285668483,0.8821656050955414,0.8367917011116609,0.6036898834184203,0.904721911160881,0.8685892702878036,0.8339211285668483
"TreeLearner(binarize=True, max_depth=5, min_samples_leaf=5, min_samples_split=50)",0.8528053977272727,0.8532221865982687,0.8935398353564951,0.8574957158866059,0.6668691780974775,0.9383608479046596,0.892355482032939,0.8532221865982687
"TreeLearner(binarize=True, max_depth=10, min_samples_leaf=5, min_samples_split=50)",0.8893821022727273,0.8814363578069894,0.9155129083847384,0.8837911371752315,0.7208664847270249,0.943225684963751,0.9266306611558323,0.8814363578069894
"TreeLearner(binarize=True, max_depth=3, min_samples_leaf=10, min_samples_split=10)",0.8607066761363636,0.8339211285668483,0.8821656050955414,0.8367917011116609,0.6036898834184203,0.904721911160881,0.8685892702878036,0.8339211285668483
"TreeLearner(binarize=True, max_depth=5, min_samples_leaf=10, min_samples_split=10)",0.8528053977272727,0.8532221865982687,0.8935398353564951,0.8574957158866059,0.6668691780974775,0.9383608479046596,0.892355482032939,0.8532221865982687
"TreeLearner(binarize=True, max_depth=10, min_samples_leaf=10, min_samples_split=10)",0.8902698863636364,0.8817569733889067,0.9157990867579908,0.8840582055951268,0.7211901544081293,0.9428356525009403,0.926927415953433,0.8817569733889067
"TreeLearner(binarize=True, max_depth=3, min_samples_leaf=10, min_samples_split=20)",0.8607066761363636,0.8339211285668483,0.8821656050955414,0.8367917011116609,0.6036898834184203,0.904721911160881,0.8685892702878036,0.8339211285668483
"TreeLearner(binarize=True, max_depth=5, min_samples_leaf=10, min_samples_split=20)",0.8528053977272727,0.8532221865982687,0.8935398353564951,0.8574957158866059,0.6668691780974775,0.9383608479046596,0.892355482032939,0.8532221865982687
"TreeLearner(binarize=True, max_depth=10, min_samples_leaf=10, min_samples_split=20)",0.8902698863636364,0.8817569733889067,0.9157990867579908,0.8840582055951268,0.7211901544081293,0.9428356525009403,0.926927415953433,0.8817569733889067
"TreeLearner(binarize=True, max_depth=3, min_samples_leaf=10, min_samples_split=50)",0.8607066761363636,0.8339211285668483,0.8821656050955414,0.8367917011116609,0.6036898834184203,0.904721911160881,0.8685892702878036,0.8339211285668483
"TreeLearner(binarize=True, max_depth=5, min_samples_leaf=10, min_samples_split=50)",0.8528053977272727,0.8532221865982687,0.8935398353564951,0.8574957158866059,0.6668691780974775,0.9383608479046596,0.892355482032939,0.8532221865982687
"TreeLearner(binarize=True, max_depth=10, min_samples_leaf=10, min_samples_split=50)",0.8893821022727273,0.8814363578069894,0.9155129083847384,0.8837911371752315,0.7208664847270249,0.943225684963751,0.9266306611558323,0.8814363578069894
"TreeLearner(binarize=True, max_depth=3, min_samples_leaf=20, min_samples_split=10)",0.8607066761363636,0.8339211285668483,0.8821656050955414,0.8367917011116609,0.6036898834184203,0.904721911160881,0.8685892702878036,0.8339211285668483
"TreeLearner(binarize=True, max_depth=5, min_samples_leaf=20, min_samples_split=10)",0.8528053977272727,0.8533504328310356,0.893622959207405,0.8576266096591528,0.6672453586749635,0.9385442110405472,0.892339267828,0.8533504328310356
"TreeLearner(binarize=True, max_depth=10, min_samples_leaf=20, min_samples_split=10)",0.8893821022727273,0.8815646040397563,0.9155965818215053,0.8839231111493758,0.7212331802875926,0.943403333647236,0.9266365646843054,0.8815646040397563
"TreeLearner(binarize=True, max_depth=3, min_samples_leaf=20, min_samples_split=20)",0.8607066761363636,0.8339211285668483,0.8821656050955414,0.8367917011116609,0.6036898834184203,0.904721911160881,0.8685892702878036,0.8339211285668483
"TreeLearner(binarize=True, max_depth=5, min_samples_leaf=20, min_samples_split=20)",0.8528053977272727,0.8533504328310356,0.893622959207405,0.8576266096591528,0.6672453586749635,0.9385442110405472,0.892339267828,0.8533504328310356
"TreeLearner(binarize=True, max_depth=10, min_samples_leaf=20, min_samples_split=20)",0.8893821022727273,0.8815646040397563,0.9155965818215053,0.8839231111493758,0.7212331802875926,0.943403333647236,0.9266365646843054,0.8815646040397563
"TreeLearner(binarize=True, max_depth=3, min_samples_leaf=20, min_samples_split=50)",0.8607066761363636,0.8339211285668483,0.8821656050955414,0.8367917011116609,0.6036898834184203,0.904721911160881,0.8685892702878036,0.8339211285668483
"TreeLearner(binarize=True, max_depth=5, min_samples_leaf=20, min_samples_split=50)",0.8528053977272727,0.8533504328310356,0.893622959207405,0.8576266096591528,0.6672453586749635,0.9385442110405472,0.892339267828,0.8533504328310356
"TreeLearner(binarize=True, max_depth=10, min_samples_leaf=20, min_samples_split=50)",0.8893821022727273,0.8815646040397563,0.9155965818215053,0.8839231111493758,0.7212331802875926,0.943403333647236,0.926646977852585,0.8815646040397563
"GBClassifier(learning_rate=0.03, n_estimators=50, subsample=0.8, min_samples_split=5, max_depth=1, min_impurity_split=<?>, random_state=0, presort=<?>)",0.9986683238636364,0.7483808913113177,0.8514873968662479,0.6641743618165825,0.2608113924495131,0.7421163741918458,0.8901617165033793,0.7483808913113177
"GBClassifier(learning_rate=0.03, n_estimators=50, min_samples_split=5, max_depth=1, min_impurity_split=<?>, random_state=0, presort=<?>)",0.9986683238636364,0.7483808913113177,0.8514873968662479,0.6641743618165825,0.2608113924495131,0.7421163741918458,0.8907558820461893,0.7483808913113177
"GBClassifier(learning_rate=0.03, n_estimators=50, subsample=0.8, min_samples_split=10, max_depth=1, min_impurity_split=<?>, random_state=0, presort=<?>)",0.9986683238636364,0.7483808913113177,0.8514873968662479,0.6641743618165825,0.2608113924495131,0.7421163741918458,0.8901617165033793,0.7483808913113177
"GBClassifier(learning_rate=0.03, n_estimators=50, min_samples_split=10, max_depth=1, min_impurity_split=<?>, random_state=0, presort=<?>)",0.9986683238636364,0.7483808913113177,0.8514873968662479,0.6641743618165825,0.2608113924495131,0.7421163741918458,0.8907558820461893,0.7483808913113177
"GBClassifier(learning_rate=0.03, n_estimators=50, subsample=0.8, min_samples_split=5, max_depth=2, min_impurity_split=<?>, random_state=0, presort=<?>)",0.904296875,0.8418082718820135,0.8919830115153904,0.8399397119459603,0.5975462770438582,0.88,0.9190432229296982,0.8418082718820135
"GBClassifier(learning_rate=0.03, n_estimators=50, min_samples_split=5, max_depth=2, min_impurity_split=<?>, random_state=0, presort=<?>)",0.9038529829545454,0.8416800256492466,0.8918575620866366,0.839861172492107,0.5974135619450345,0.8801763637935506,0.9188579074812137,0.8416800256492466
"GBClassifier(learning_rate=0.03, n_estimators=50, subsample=0.8, min_samples_split=10, max_depth=2, min_impurity_split=<?>, random_state=0, presort=<?>)",0.904296875,0.8418082718820135,0.8919830115153904,0.8399397119459603,0.5975462770438582,0.88,0.9190432229296982,0.8418082718820135
"GBClassifier(learning_rate=0.03, n_estimators=50, min_samples_split=10, max_depth=2, min_impurity_split=<?>, random_state=0, presort=<?>)",0.9038529829545454,0.8416800256492466,0.8918575620866366,0.839861172492107,0.5974135619450345,0.8801763637935506,0.9188579074812137,0.8416800256492466
"GBClassifier(learning_rate=0.03, n_estimators=50, subsample=0.8, min_samples_split=5, min_impurity_split=<?>, random_state=0, presort=<?>)",0.9155717329545454,0.855081756973389,0.9012496722887354,0.8530913771946204,0.6304292649537341,0.8873687833419377,0.9311879084093795,0.855081756973389
"GBClassifier(learning_rate=0.03, n_estimators=50, min_samples_split=5, min_impurity_split=<?>, random_state=0, presort=<?>)",0.9161044034090909,0.8580314203270278,0.9031157010327323,0.8562795245548225,0.6386818621412059,0.8904901622367967,0.9307676099794557,0.8580314203270278
"GBClassifier(learning_rate=0.03, n_estimators=50, subsample=0.8, min_samples_split=10, min_impurity_split=<?>, random_state=0, presort=<?>)",0.9155717329545454,0.855081756973389,0.9012496722887354,0.8530913771946204,0.6304292649537341,0.8873687833419377,0.9311879084093795,0.855081756973389
"GBClassifier(learning_rate=0.03, n_estimators=50, min_samples_split=10, min_impurity_split=<?>, random_state=0, presort=<?>)",0.9161044034090909,0.8580314203270278,0.9031157010327323,0.8562795245548225,0.6386818621412059,0.8904901622367967,0.9307676099794557,0.8580314203270278
"GBClassifier(learning_rate=0.05, n_estimators=50, subsample=0.8, min_samples_split=5, max_depth=1, min_impurity_split=<?>, random_state=0, presort=<?>)",0.9259588068181818,0.8287912792561718,0.8865278368040799,0.8212387948354142,0.5487427917096545,0.8503179520626121,0.8994577855077559,0.8287912792561718
"GBClassifier(learning_rate=0.05, n_estimators=50, min_samples_split=5, max_depth=1, min_impurity_split=<?>, random_state=0, presort=<?>)",0.9264914772727273,0.829368387303623,0.8869247439765435,0.8218139745497657,0.550262876812965,0.8505990708289184,0.9005749155303467,0.829368387303623
"GBClassifier(learning_rate=0.05, n_estimators=50, subsample=0.8, min_samples_split=10, max_depth=1, min_impurity_split=<?>, random_state=0, presort=<?>)",0.9259588068181818,0.8287912792561718,0.8865278368040799,0.8212387948354142,0.5487427917096545,0.8503179520626121,0.8994577855077559,0.8287912792561718
"GBClassifier(learning_rate=0.05, n_estimators=50, min_samples_split=10, max_depth=1, min_impurity_split=<?>, random_state=0, presort=<?>)",0.9264914772727273,0.829368387303623,0.8869247439765435,0.8218139745497657,0.550262876812965,0.8505990708289184,0.9005749155303467,0.829368387303623
"GBClassifier(learning_rate=0.05, n_estimators=50, subsample=0.8, min_samples_split=5, max_depth=2, min_impurity_split=<?>, random_state=0, presort=<?>)",0.9161931818181818,0.8559794806027573,0.901861399982522,0.8540014306102288,0.6327293467894504,0.8879710893133712,0.9281517831607754,0.8559794806027573
"GBClassifier(learning_rate=0.05, n_estimators=50, min_samples_split=5, max_depth=2, min_impurity_split=<?>, random_state=0, presort=<?>)",0.9168146306818182,0.8558512343699903,0.9018426338311064,0.8537758502726861,0.6320721085748331,0.8873517786561265,0.9284008280190645,0.8558512343699903
"GBClassifier(learning_rate=0.05, n_estimators=50, subsample=0.8, min_samples_split=10, max_depth=2, min_impurity_split=<?>, random_state=0, presort=<?>)",0.9161931818181818,0.8559794806027573,0.901861399982522,0.8540014306102288,0.6327293467894504,0.8879710893133712,0.9281517831607754,0.8559794806027573
"GBClassifier(learning_rate=0.05, n_estimators=50, min_samples_split=10, max_depth=2, min_impurity_split=<?>, random_state=0, presort=<?>)",0.9168146306818182,0.8558512343699903,0.9018426338311064,0.8537758502726861,0.6320721085748331,0.8873517786561265,0.9284008280190645,0.8558512343699903
"GBClassifier(learning_rate=0.05, n_estimators=50, subsample=0.8, min_samples_split=5, min_impurity_split=<?>, random_state=0, presort=<?>)",0.9181463068181818,0.8647002244309073,0.9074317802930596,0.8633464138235547,0.6568657981887366,0.8969644405897659,0.9395235881219696,0.8647002244309073
"GBClassifier(learning_rate=0.05, n_estimators=50, min_samples_split=5, min_impurity_split=<?>, random_state=0, presort=<?>)",0.9149502840909091,0.8631612696377043,0.9061813066033588,0.8620506149647399,0.6539529127001632,0.8975788190210765,0.9394306997911462,0.8631612696377043
"GBClassifier(learning_rate=0.05, n_estimators=50, subsample=0.8, min_samples_split=10, min_impurity_split=<?>, random_state=0, presort=<?>)",0.9181463068181818,0.8647002244309073,0.9074317802930596,0.8633464138235547,0.6568657981887366,0.8969644405897659,0.9395235881219696,0.8647002244309073
"GBClassifier(learning_rate=0.05, n_estimators=50, min_samples_split=10, min_impurity_split=<?>, random_state=0, presort=<?>)",0.9149502840909091,0.8631612696377043,0.9061813066033588,0.8620506149647399,0.6539529127001632,0.8975788190210765,0.9394306997911462,0.8631612696377043
"GBClassifier(n_estimators=50, subsample=0.8, min_samples_split=5, max_depth=1, min_impurity_split=<?>, random_state=0, presort=<?>)",0.9026100852272727,0.8499519076627124,0.8967980947340566,0.8491487673019308,0.6222359466829464,0.8910604732690622,0.9137735653277902,0.8499519076627124
"GBClassifier(n_estimators=50, min_samples_split=5, max_depth=1, min_impurity_split=<?>, random_state=0, presort=<?>)",0.9084694602272727,0.8487335684514268,0.8966484118291347,0.8470323480708912,0.6155422184911636,0.8851310440273332,0.9135195496165329,0.8487335684514268
"GBClassifier(n_estimators=50, subsample=0.8, min_samples_split=10, max_depth=1, min_impurity_split=<?>, random_state=0, presort=<?>)",0.9026100852272727,0.8499519076627124,0.8967980947340566,0.8491487673019308,0.6222359466829464,0.8910604732690622,0.9137735653277902,0.8499519076627124
"GBClassifier(n_estimators=50, min_samples_split=10, max_depth=1, min_impurity_split=<?>, random_state=0, presort=<?>)",0.9084694602272727,0.8487335684514268,0.8966484118291347,0.8470323480708912,0.6155422184911636,0.8851310440273332,0.9135195496165329,0.8487335684514268
"GBClassifier(n_estimators=50, subsample=0.8, min_samples_split=5, max_depth=2, min_impurity_split=<?>, random_state=0, presort=<?>)",0.9176136363636364,0.8650849631292081,0.9076220583069898,0.8638311956459552,0.6582085507217009,0.8978457261987491,0.9374607968812314,0.8650849631292081
"GBClassifier(n_estimators=50, min_samples_split=5, max_depth=2, min_impurity_split=<?>, random_state=0, presort=<?>)",0.9159268465909091,0.8648925937800577,0.907347961831054,0.8638222903838142,0.6584436066021536,0.8989282913653394,0.9380379795304988,0.8648925937800577
"GBClassifier(n_estimators=50, subsample=0.8, min_samples_split=10, max_depth=2, min_impurity_split=<?>, random_state=0, presort=<?>)",0.9176136363636364,0.8650849631292081,0.9076220583069898,0.8638311956459552,0.6582085507217009,0.8978457261987491,0.9374607968812314,0.8650849631292081
"GBClassifier(n_estimators=50, min_samples_split=10, max_depth=2, min_impurity_split=<?>, random_state=0, presort=<?>)",0.9159268465909091,0.8648925937800577,0.907347961831054,0.8638222903838142,0.6584436066021536,0.8989282913653394,0.9380379795304988,0.8648925937800577
"GBClassifier(n_estimators=50, subsample=0.8, min_samples_split=5, min_impurity_split=<?>, random_state=0, presort=<?>)",0.9192116477272727,0.8742545687720423,0.9134941991265605,0.8736052567335506,0.6835666278974153,0.9078474353353793,0.9488865535331963,0.8742545687720423
"GBClassifier(n_estimators=50, min_samples_split=5, min_impurity_split=<?>, random_state=0, presort=<?>)",0.9187677556818182,0.8734209682590574,0.9129322512350035,0.8727530151305605,0.6814062033982393,0.9071704067321178,0.9492766476256008,0.8734209682590574
"GBClassifier(n_estimators=50, subsample=0.8, min_samples_split=10, min_impurity_split=<?>, random_state=0, presort=<?>)",0.9192116477272727,0.8742545687720423,0.9134941991265605,0.8736052567335506,0.6835666278974153,0.9078474353353793,0.9488865535331963,0.8742545687720423
"GBClassifier(n_estimators=50, min_samples_split=10, min_impurity_split=<?>, random_state=0, presort=<?>)",0.9187677556818182,0.8734209682590574,0.9129322512350035,0.8727530151305605,0.6814062033982393,0.9071704067321178,0.9492766476256008,0.8734209682590574
"GBClassifier(learning_rate=0.03, subsample=0.8, min_samples_split=5, max_depth=1, min_impurity_split=<?>, random_state=0, presort=<?>)",0.9194779829545454,0.8366142994549535,0.8904651362737512,0.8316286140078045,0.5747474696158159,0.863227204534089,0.9049344970718498,0.8366142994549535
"GBClassifier(learning_rate=0.03, min_samples_split=5, max_depth=1, min_impurity_split=<?>, random_state=0, presort=<?>)",0.91796875,0.8359089451747355,0.8898833856878523,0.8310824042107277,0.5733372268626856,0.8634655532359081,0.9033871064150364,0.8359089451747355
"GBClassifier(learning_rate=0.03, subsample=0.8, min_samples_split=10, max_depth=1, min_impurity_split=<?>, random_state=0, presort=<?>)",0.9194779829545454,0.8366142994549535,0.8904651362737512,0.8316286140078045,0.5747474696158159,0.863227204534089,0.9049344970718498,0.8366142994549535
"GBClassifier(learning_rate=0.03, min_samples_split=10, max_depth=1, min_impurity_split=<?>, random_state=0, presort=<?>)",0.91796875,0.8359089451747355,0.8898833856878523,0.8310824042107277,0.5733372268626856,0.8634655532359081,0.9033871064150364,0.8359089451747355
"GBClassifier(learning_rate=0.03, subsample=0.8, min_samples_split=5, max_depth=2, min_impurity_split=<?>, random_state=0, presort=<?>)",0.9150390625,0.8588008977236293,0.9034887798036466,0.8572639846547204,0.6413966421952164,0.8922264542936288,0.9312320003876651,0.8588008977236293
"GBClassifier(learning_rate=0.03, min_samples_split=5, max_depth=2, min_impurity_split=<?>, random_state=0, presort=<?>)",0.9194779829545454,0.858608528374479,0.903791613944762,0.8564725609632856,0.6388110508655308,0.8886314886314887,0.9316967392680412,0.858608528374479
"GBClassifier(learning_rate=0.03, subsample=0.8, min_samples_split=10, max_depth=2, min_impurity_split=<?>, random_state=0, presort=<?>)",0.9150390625,0.8588008977236293,0.9034887798036466,0.8572639846547204,0.6413966421952164,0.8922264542936288,0.9312320003876651,0.8588008977236293
"GBClassifier(learning_rate=0.03, min_samples_split=10, max_depth=2, min_impurity_split=<?>, random_state=0, presort=<?>)",0.9194779829545454,0.858608528374479,0.903791613944762,0.8564725609632856,0.6388110508655308,0.8886314886314887,0.9316967392680412,0.858608528374479
"GBClassifier(learning_rate=0.03, subsample=0.8, min_samples_split=5, min_impurity_split=<?>, random_state=0, presort=<?>)",0.9163707386363636,0.8645719781981405,0.9071893127087362,0.8634198852092366,0.657318394958447,0.8981900452488688,0.9421488954334238,0.8645719781981405
"GBClassifier(learning_rate=0.03, min_samples_split=5, min_impurity_split=<?>, random_state=0, presort=<?>)",0.9168146306818182,0.8650849631292081,0.9075489937604359,0.863926670073565,0.6585777179110284,0.8984687663128589,0.9421500945876452,0.8650849631292081
"GBClassifier(learning_rate=0.03, subsample=0.8, min_samples_split=10, min_impurity_split=<?>, random_state=0, presort=<?>)",0.9163707386363636,0.8645719781981405,0.9071893127087362,0.8634198852092366,0.657318394958447,0.8981900452488688,0.9421488954334238,0.8645719781981405
"GBClassifier(learning_rate=0.03, min_samples_split=10, min_impurity_split=<?>, random_state=0, presort=<?>)",0.9168146306818182,0.8650849631292081,0.9075489937604359,0.863926670073565,0.6585777179110284,0.8984687663128589,0.9421500945876452,0.8650849631292081
"GBClassifier(learning_rate=0.05, subsample=0.8, min_samples_split=5, max_depth=1, min_impurity_split=<?>, random_state=0, presort=<?>)",0.9090909090909091,0.8486694453350433,0.8966725043782837,0.8468757980989365,0.6150350333134365,0.8845888044229441,0.9132945903344807,0.8486694453350433
"GBClassifier(learning_rate=0.05, min_samples_split=5, max_depth=1, min_impurity_split=<?>, random_state=0, presort=<?>)",0.9093572443181818,0.8485411991022763,0.8966211484593838,0.8466968471729699,0.6145254092920487,0.8842368784530387,0.913028685572826,0.8485411991022763
"GBClassifier(learning_rate=0.05, subsample=0.8, min_samples_split=10, max_depth=1, min_impurity_split=<?>, random_state=0, presort=<?>)",0.9090909090909091,0.8486694453350433,0.8966725043782837,0.8468757980989365,0.6150350333134365,0.8845888044229441,0.9132945903344807,0.8486694453350433
"GBClassifier(learning_rate=0.05, min_samples_split=10, max_depth=1, min_impurity_split=<?>, random_state=0, presort=<?>)",0.9093572443181818,0.8485411991022763,0.8966211484593838,0.8466968471729699,0.6145254092920487,0.8842368784530387,0.913028685572826,0.8485411991022763
"GBClassifier(learning_rate=0.05, subsample=0.8, min_samples_split=5, max_depth=2, min_impurity_split=<?>, random_state=0, presort=<?>)",0.9159268465909091,0.8645719781981405,0.9071485096280665,0.8634727735733508,0.6575268713663772,0.8985368402717296,0.9378457971304915,0.8645719781981405
"GBClassifier(learning_rate=0.05, min_samples_split=5, max_depth=2, min_impurity_split=<?>, random_state=0, presort=<?>)",0.912109375,0.8613016992625842,0.9047598080225442,0.8603637544692039,0.6500053850061664,0.8975277365248536,0.9370822023703322,0.8613016992625842
"GBClassifier(learning_rate=0.05, subsample=0.8, min_samples_split=10, max_depth=2, min_impurity_split=<?>, random_state=0, presort=<?>)",0.9159268465909091,0.8645719781981405,0.9071485096280665,0.8634727735733508,0.6575268713663772,0.8985368402717296,0.9378457971304915,0.8645719781981405
"GBClassifier(learning_rate=0.05, min_samples_split=10, max_depth=2, min_impurity_split=<?>, random_state=0, presort=<?>)",0.912109375,0.8613016992625842,0.9047598080225442,0.8603637544692039,0.6500053850061664,0.8975277365248536,0.9370822023703322,0.8613016992625842
"GBClassifier(learning_rate=0.05, subsample=0.8, min_samples_split=5, min_impurity_split=<?>, random_state=0, presort=<?>)",0.9193892045454546,0.8724591215133055,0.912382714417867,0.8716455060612512,0.6783953900728326,0.9054822068724315,0.9496866148806963,0.8724591215133055
"GBClassifier(learning_rate=0.05, min_samples_split=5, min_impurity_split=<?>, random_state=0, presort=<?>)",0.9189453125,0.8731644757935235,0.9127865961199294,0.8724567716466829,0.6805977252508449,0.9067098808689559,0.9495518381455836,0.8731644757935235
"GBClassifier(learning_rate=0.05, subsample=0.8, min_samples_split=10, min_impurity_split=<?>, random_state=0, presort=<?>)",0.9193892045454546,0.8724591215133055,0.912382714417867,0.8716455060612512,0.6783953900728326,0.9054822068724315,0.9496866148806963,0.8724591215133055
"GBClassifier(learning_rate=0.05, min_samples_split=10, min_impurity_split=<?>, random_state=0, presort=<?>)",0.9189453125,0.8731644757935235,0.9127865961199294,0.8724567716466829,0.6805977252508449,0.9067098808689559,0.9495518381455836,0.8731644757935235
"GBClassifier(subsample=0.8, min_samples_split=5, max_depth=1, min_impurity_split=<?>, random_state=0, presort=<?>)",0.9091796875,0.8561718499519076,0.9012981298129813,0.8551216577330499,0.6367228207327467,0.8935520460692784,0.9209213444203785,0.8561718499519076
"GBClassifier(min_samples_split=5, max_depth=1, min_impurity_split=<?>, random_state=0, presort=<?>)",0.9008345170454546,0.8554664956716896,0.9000354798651765,0.8553633506029706,0.6392202410758357,0.8992378589152783,0.9211220028933848,0.8554664956716896
"GBClassifier(subsample=0.8, min_samples_split=10, max_depth=1, min_impurity_split=<?>, random_state=0, presort=<?>)",0.9091796875,0.8561718499519076,0.9012981298129813,0.8551216577330499,0.6367228207327467,0.8935520460692784,0.9209213444203785,0.8561718499519076
"GBClassifier(min_samples_split=10, max_depth=1, min_impurity_split=<?>, random_state=0, presort=<?>)",0.9008345170454546,0.8554664956716896,0.9000354798651765,0.8553633506029706,0.6392202410758357,0.8992378589152783,0.9211220028933848,0.8554664956716896
"GBClassifier(subsample=0.8, min_samples_split=5, max_depth=2, min_impurity_split=<?>, random_state=0, presort=<?>)",0.9189453125,0.8716255210003206,0.9118217054263565,0.8707918504300894,0.67623026817439,0.9048076923076923,0.9461890612373008,0.8716255210003206
"GBClassifier(min_samples_split=5, max_depth=2, min_impurity_split=<?>, random_state=0, presort=<?>)",0.9170809659090909,0.8713690285347868,0.9114973969822642,0.8707193670090063,0.6763616209366754,0.905981406770742,0.9455699081902931,0.8713690285347868
"GBClassifier(subsample=0.8, min_samples_split=10, max_depth=2, min_impurity_split=<?>, random_state=0, presort=<?>)",0.9189453125,0.8716255210003206,0.9118217054263565,0.8707918504300894,0.67623026817439,0.9048076923076923,0.9461890612373008,0.8716255210003206
"GBClassifier(min_samples_split=10, max_depth=2, min_impurity_split=<?>, random_state=0, presort=<?>)",0.9170809659090909,0.8713690285347868,0.9114973969822642,0.8707193670090063,0.6763616209366754,0.905981406770742,0.9455699081902931,0.8713690285347868
"GBClassifier(subsample=0.8, min_samples_split=5, min_impurity_split=<?>, random_state=0, presort=<?>)",0.9263139204545454,0.8933632574543123,0.926190581864986,0.8933518840886543,0.7341361688061463,0.9260672761160912,0.9595096147980469,0.8933632574543123
"GBClassifier(min_samples_split=5, min_impurity_split=<?>, random_state=0, presort=<?>)",0.9265802556818182,0.8933632574543123,0.92621023206283,0.8933290932602204,0.7340234224140688,0.9258405038587776,0.9597881158036147,0.8933632574543123
"GBClassifier(subsample=0.8, min_samples_split=10, min_impurity_split=<?>, random_state=0, presort=<?>)",0.9263139204545454,0.8933632574543123,0.926190581864986,0.8933518840886543,0.7341361688061463,0.9260672761160912,0.9595096147980469,0.8933632574543123
"GBClassifier(min_samples_split=10, min_impurity_split=<?>, random_state=0, presort=<?>)",0.9265802556818182,0.8933632574543123,0.92621023206283,0.8933290932602204,0.7340234224140688,0.9258405038587776,0.9597881158036147,0.8933632574543123
"GBClassifier(learning_rate=0.03, n_estimators=200, subsample=0.8, min_samples_split=5, max_depth=1, min_impurity_split=<?>, random_state=0, presort=<?>)",0.9050958806818182,0.8525168323180506,0.8986337593653592,0.8516378979437372,0.6283117340086026,0.8922632592333275,0.9152985922708382,0.8525168323180506
"GBClassifier(learning_rate=0.03, n_estimators=200, min_samples_split=5, max_depth=1, min_impurity_split=<?>, random_state=0, presort=<?>)",0.9027876420454546,0.8517473549214492,0.8979249448123621,0.8510876750658647,0.627349014882513,0.893114350957316,0.915414039049873,0.8517473549214492
"GBClassifier(learning_rate=0.03, n_estimators=200, subsample=0.8, min_samples_split=10, max_depth=1, min_impurity_split=<?>, random_state=0, presort=<?>)",0.9050958806818182,0.8525168323180506,0.8986337593653592,0.8516378979437372,0.6283117340086026,0.8922632592333275,0.9152985922708382,0.8525168323180506
"GBClassifier(learning_rate=0.03, n_estimators=200, min_samples_split=10, max_depth=1, min_impurity_split=<?>, random_state=0, presort=<?>)",0.9027876420454546,0.8517473549214492,0.8979249448123621,0.8510876750658647,0.627349014882513,0.893114350957316,0.915414039049873,0.8517473549214492
"GBClassifier(learning_rate=0.03, n_estimators=200, subsample=0.8, min_samples_split=5, max_depth=2, min_impurity_split=<?>, random_state=0, presort=<?>)",0.916015625,0.865213209361975,0.9075556337408743,0.8641611614301756,0.6593182231313871,0.8992504793446052,0.9397535387553526,0.865213209361975
"GBClassifier(learning_rate=0.03, n_estimators=200, min_samples_split=5, max_depth=2, min_impurity_split=<?>, random_state=0, presort=<?>)",0.9161044034090909,0.8655979480602757,0.9078032902260931,0.8645697668296515,0.6603757943354065,0.8996512641673932,0.9397602212216106,0.8655979480602757
"GBClassifier(learning_rate=0.03, n_estimators=200, subsample=0.8, min_samples_split=10, max_depth=2, min_impurity_split=<?>, random_state=0, presort=<?>)",0.916015625,0.865213209361975,0.9075556337408743,0.8641611614301756,0.6593182231313871,0.8992504793446052,0.9397535387553526,0.865213209361975
"GBClassifier(learning_rate=0.03, n_estimators=200, min_samples_split=10, max_depth=2, min_impurity_split=<?>, random_state=0, presort=<?>)",0.9161044034090909,0.8655979480602757,0.9078032902260931,0.8645697668296515,0.6603757943354065,0.8996512641673932,0.9397602212216106,0.8655979480602757
"GBClassifier(learning_rate=0.03, n_estimators=200, subsample=0.8, min_samples_split=5, min_impurity_split=<?>, random_state=0, presort=<?>)",0.9185014204545454,0.8773966014748317,0.9154132012033268,0.8770600930216094,0.69278592206509,0.9123456790123456,0.951951837702819,0.8773966014748317
"GBClassifier(learning_rate=0.03, n_estimators=200, min_samples_split=5, min_impurity_split=<?>, random_state=0, presort=<?>)",0.9200994318181818,0.876883616543764,0.9152243023666549,0.8763449976841589,0.6906048633067133,0.9104005621925509,0.9522975220923154,0.876883616543764
"GBClassifier(learning_rate=0.03, n_estimators=200, subsample=0.8, min_samples_split=10, min_impurity_split=<?>, random_state=0, presort=<?>)",0.9185014204545454,0.8773966014748317,0.9154132012033268,0.8770600930216094,0.69278592206509,0.9123456790123456,0.951951837702819,0.8773966014748317
"GBClassifier(learning_rate=0.03, n_estimators=200, min_samples_split=10, min_impurity_split=<?>, random_state=0, presort=<?>)",0.9200994318181818,0.876883616543764,0.9152243023666549,0.8763449976841589,0.6906048633067133,0.9104005621925509,0.9522975220923154,0.876883616543764
"GBClassifier(learning_rate=0.05, n_estimators=200, subsample=0.8, min_samples_split=5, max_depth=1, min_impurity_split=<?>, random_state=0, presort=<?>)",0.9098899147727273,0.85565886502084,0.9010505956305772,0.8544704308939888,0.6348779643139012,0.8923813670004354,0.9207956587091475,0.85565886502084
"GBClassifier(learning_rate=0.05, n_estimators=200, min_samples_split=5, max_depth=1, min_impurity_split=<?>, random_state=0, presort=<?>)",0.9028764204545454,0.8554023725553062,0.9001991591059969,0.8550531713105247,0.637882620944122,0.897537728355838,0.9214022975056936,0.8554023725553062
"GBClassifier(learning_rate=0.05, n_estimators=200, subsample=0.8, min_samples_split=10, max_depth=1, min_impurity_split=<?>, random_state=0, presort=<?>)",0.9098899147727273,0.85565886502084,0.9010505956305772,0.8544704308939888,0.6348779643139012,0.8923813670004354,0.9207956587091475,0.85565886502084
"GBClassifier(learning_rate=0.05, n_estimators=200, min_samples_split=10, max_depth=1, min_impurity_split=<?>, random_state=0, presort=<?>)",0.9028764204545454,0.8554023725553062,0.9001991591059969,0.8550531713105247,0.637882620944122,0.897537728355838,0.9214022975056936,0.8554023725553062
"GBClassifier(learning_rate=0.05, n_estimators=200, subsample=0.8, min_samples_split=5, max_depth=2, min_impurity_split=<?>, random_state=0, presort=<?>)",0.9171697443181818,0.870407181789035,0.9109024379491248,0.8696693465116382,0.6735854232710314,0.904720203170155,0.9461385225239289,0.870407181789035
"GBClassifier(learning_rate=0.05, n_estimators=200, min_samples_split=5, max_depth=2, min_impurity_split=<?>, random_state=0, presort=<?>)",0.9163707386363636,0.8692529656941327,0.9101088921218534,0.8685085589001634,0.6706754218953619,0.9039320430860845,0.9458471997924581,0.8692529656941327
"GBClassifier(learning_rate=0.05, n_estimators=200, subsample=0.8, min_samples_split=10, max_depth=2, min_impurity_split=<?>, random_state=0, presort=<?>)",0.9171697443181818,0.870407181789035,0.9109024379491248,0.8696693465116382,0.6735854232710314,0.904720203170155,0.9461385225239289,0.870407181789035
"GBClassifier(learning_rate=0.05, n_estimators=200, min_samples_split=10, max_depth=2, min_impurity_split=<?>, random_state=0, presort=<?>)",0.9163707386363636,0.8692529656941327,0.9101088921218534,0.8685085589001634,0.6706754218953619,0.9039320430860845,0.9458471997924581,0.8692529656941327
"GBClassifier(learning_rate=0.05, n_estimators=200, subsample=0.8, min_samples_split=5, min_impurity_split=<?>, random_state=0, presort=<?>)",0.9255149147727273,0.8938762423853799,0.9264607864918907,0.8939625342120292,0.7359080237582465,0.9274085935414998,0.9596773836480132,0.8938762423853799
"GBClassifier(learning_rate=0.05, n_estimators=200, min_samples_split=5, min_impurity_split=<?>, random_state=0, presort=<?>)",0.9247159090909091,0.8897082398204553,0.9237318197942532,0.8896137079937163,0.7246178171247324,0.9227498228206945,0.9589151930257027,0.8897082398204553
"GBClassifier(learning_rate=0.05, n_estimators=200, subsample=0.8, min_samples_split=10, min_impurity_split=<?>, random_state=0, presort=<?>)",0.9255149147727273,0.8938762423853799,0.9264607864918907,0.8939625342120292,0.7359080237582465,0.9274085935414998,0.9596773836480132,0.8938762423853799
"GBClassifier(learning_rate=0.05, n_estimators=200, min_samples_split=10, min_impurity_split=<?>, random_state=0, presort=<?>)",0.9247159090909091,0.8897082398204553,0.9237318197942532,0.8896137079937163,0.7246178171247324,0.9227498228206945,0.9589151930257027,0.8897082398204553
"GBClassifier(n_estimators=200, subsample=0.8, min_samples_split=5, max_depth=1, min_impurity_split=<?>, random_state=0, presort=<?>)",0.9102450284090909,0.8618788073100353,0.9049426301853486,0.861212403485939,0.6526014737530883,0.8997016497016497,0.9272837184948364,0.8618788073100353
"GBClassifier(n_estimators=200, min_samples_split=5, max_depth=1, min_impurity_split=<?>, random_state=0, presort=<?>)",0.90625,0.8636101314523886,0.9056469857605465,0.8635372098825237,0.6596680134188659,0.9050447734728256,0.9274038593989421,0.8636101314523886
"GBClassifier(n_estimators=200, subsample=0.8, min_samples_split=10, max_depth=1, min_impurity_split=<?>, random_state=0, presort=<?>)",0.9102450284090909,0.8618788073100353,0.9049426301853486,0.861212403485939,0.6526014737530883,0.8997016497016497,0.9272837184948364,0.8618788073100353
"GBClassifier(n_estimators=200, min_samples_split=10, max_depth=1, min_impurity_split=<?>, random_state=0, presort=<?>)",0.90625,0.8636101314523886,0.9056469857605465,0.8635372098825237,0.6596680134188659,0.9050447734728256,0.9274038593989421,0.8636101314523886
"GBClassifier(n_estimators=200, subsample=0.8, min_samples_split=5, max_depth=2, min_impurity_split=<?>, random_state=0, presort=<?>)",0.9230291193181818,0.8850913754408464,0.9206588151952537,0.8848516135271138,0.7124194410657678,0.9183006535947712,0.9538937500983922,0.8850913754408464
"GBClassifier(n_estimators=200, min_samples_split=5, max_depth=2, min_impurity_split=<?>, random_state=0, presort=<?>)",0.9217862215909091,0.8847066367425457,0.9203155468888495,0.8845580254783134,0.7118897099801493,0.9188495575221239,0.9541810346524003,0.8847066367425457
"GBClassifier(n_estimators=200, subsample=0.8, min_samples_split=10, max_depth=2, min_impurity_split=<?>, random_state=0, presort=<?>)",0.9237393465909091,0.8854119910227637,0.9209187060229234,0.8851268794976839,0.7130095684331553,0.9181152386834907,0.9536430858694454,0.8854119910227637
"GBClassifier(n_estimators=200, min_samples_split=10, max_depth=2, min_impurity_split=<?>, random_state=0, presort=<?>)",0.9217862215909091,0.8847066367425457,0.9203155468888495,0.8845580254783134,0.7118897099801493,0.9188495575221239,0.9541810346524003,0.8847066367425457
"GBClassifier(n_estimators=200, subsample=0.8, min_samples_split=5, min_impurity_split=<?>, random_state=0, presort=<?>)",0.931640625,0.9084321898044245,0.9362955032119914,0.9087878646507486,0.7736783849356322,0.9409971305595409,0.9681002326482179,0.9084321898044245
"GBClassifier(n_estimators=200, min_samples_split=5, min_impurity_split=<?>, random_state=0, presort=<?>)",0.9314630681818182,0.9104841295286951,0.9376228775692582,0.9109400358521915,0.779404696960317,0.9438646995322059,0.9678532376262043,0.9104841295286951
"GBClassifier(n_estimators=200, subsample=0.8, min_samples_split=10, min_impurity_split=<?>, random_state=0, presort=<?>)",0.9314630681818182,0.9104841295286951,0.9376228775692582,0.9109400358521915,0.779404696960317,0.9438646995322059,0.9679954552669968,0.9104841295286951
"GBClassifier(n_estimators=200, min_samples_split=10, min_impurity_split=<?>, random_state=0, presort=<?>)",0.9314630681818182,0.9104841295286951,0.9376228775692582,0.9109400358521915,0.779404696960317,0.9438646995322059,0.9678532376262043,0.9104841295286951
"NNClassificationLearner(hidden_layer_sizes=[32], alpha=0.001, max_iter=500, random_state=1)",0.8850319602272727,0.8525168323180506,0.8965734328626676,0.8539440456958366,0.6404606427352512,0.9084199015855658,0.9266362469596827,0.8525168323180506
"NNClassificationLearner(hidden_layer_sizes=[32], alpha=0.01, max_iter=500, random_state=1)",0.8891157670454546,0.8520679705033665,0.8967184492098312,0.8530312870551494,0.6364847108501459,0.9044522712905265,0.9265155628489642,0.8520679705033665
"NNClassificationLearner(hidden_layer_sizes=[64], alpha=0.001, max_iter=500, random_state=1)",0.9072265625,0.8723308752805387,0.9112309955860716,0.8727704497480935,0.6840740510585857,0.9152709359605912,0.9419672286935099,0.8723308752805387
"NNClassificationLearner(hidden_layer_sizes=[64], alpha=0.01, max_iter=500, random_state=1)",0.9079367897727273,0.8605322218659827,0.9038843961288612,0.8600207664751929,0.6499296526531688,0.8998680158380994,0.9332113530428097,0.8605322218659827
"NNClassificationLearner(hidden_layer_sizes=[64, 32], alpha=0.001, max_iter=500, random_state=1)",0.9293323863636364,0.8899006091696057,0.9242042996512603,0.8893983295268497,0.7232491223095046,0.919132496268329,0.9575830249286328,0.8899006091696057
"NNClassificationLearner(hidden_layer_sizes=[64, 32], alpha=0.01, max_iter=500, random_state=1)",0.9182350852272727,0.8950304584802822,0.9266675626035927,0.8957618903450931,0.7424925184883387,0.9352563522922507,0.9593875572970236,0.8950304584802822
"SVMLearner(C=0.1, kernel='linear', coef0=1.0, probability=True)",0.8829012784090909,0.8340493747996153,0.8848652015303853,0.8343410175150123,0.5878275788951073,0.8868378812199037,0.897243101399005,0.8340493747996153
"SVMLearner(C=0.3, kernel='linear', coef0=1.0, probability=True)",0.8833451704545454,0.8342417441487656,0.8850344674227263,0.8344926444475342,0.5880963918362313,0.886730237946707,0.8972534018262894,0.8342417441487656
"SVMLearner(kernel='linear', coef0=1.0, probability=True)",0.8833451704545454,0.8342417441487656,0.8850344674227263,0.8344926444475342,0.5880963918362313,0.886730237946707,0.8972549084559518,0.8342417441487656
"SVMLearner(C=0.3, coef0=1.0, probability=True)",0.8890269886363636,0.8436678422571336,0.8914804593608119,0.8440076384813919,0.6120588960240112,0.8939475093733262,0.9177468552231797,0.8436678422571336
"SVMLearner(C=0.3, gamma=0.01, coef0=1.0, probability=True)",0.8932883522727273,0.8391151009939083,0.8891441700172314,0.8385012115177543,0.5960421475001207,0.8850382619403642,0.9085890886723096,0.8391151009939083
"SVMLearner(coef0=1.0, probability=True)",0.8814808238636364,0.8428983648605323,0.8901739286354671,0.844069342571688,0.6147979364351659,0.8990402028250634,0.919405890212737,0.8428983648605323
"SVMLearner(gamma=0.01, coef0=1.0, probability=True)",0.8965731534090909,0.8428983648605323,0.8918226774991169,0.8422110647532236,0.605147246750966,0.8871222768798314,0.9121045783831153,0.8428983648605323
"SVMLearner(kernel='poly', probability=True)",0.8985262784090909,0.842449503045848,0.8917573461385964,0.8414564938397638,0.6026831786375572,0.885089637079143,0.9098832528048321,0.842449503045848
