Learner,Recall(weighted),F1(weighted),MCC,Precision(weighted),AUC,CA
"LogisticRegressionLearner(penalty=None, C=0.3, class_weight='balanced', random_state=0, max_iter=5000)",0.8094117647058824,0.8114232932950548,0.753817825434239,0.8167982338559931,0.9703355805574789,0.8094117647058824
"LogisticRegressionLearner(penalty=None, C=0.1, class_weight='balanced', random_state=0, max_iter=5000)",0.8094117647058824,0.8114232932950548,0.753817825434239,0.8167982338559931,0.9703355805574789,0.8094117647058824
"LogisticRegressionLearner(penalty=None, class_weight='balanced', random_state=0, max_iter=5000)",0.8094117647058824,0.8114232932950548,0.753817825434239,0.8167982338559931,0.9703355805574789,0.8094117647058824
"LogisticRegressionLearner(penalty=None, C=3.0, class_weight='balanced', random_state=0, max_iter=5000)",0.8094117647058824,0.8114232932950548,0.753817825434239,0.8167982338559931,0.9703355805574789,0.8094117647058824
"LogisticRegressionLearner(penalty=None, C=5.0, class_weight='balanced', random_state=0, max_iter=5000)",0.8094117647058824,0.8114232932950548,0.753817825434239,0.8167982338559931,0.9703355805574789,0.8094117647058824
"LogisticRegressionLearner(C=0.3, class_weight='balanced', random_state=0, max_iter=5000)",0.8102941176470588,0.8122681065477803,0.7549585872868826,0.8176534288947217,0.9703336058107656,0.8102941176470588
"LogisticRegressionLearner(C=0.1, class_weight='balanced', random_state=0, max_iter=5000)",0.8102205882352941,0.8121413159238912,0.754840689029705,0.8174563214593332,0.9703006416459864,0.8102205882352941
"LogisticRegressionLearner(class_weight='balanced', random_state=0, max_iter=5000)",0.8095588235294118,0.8115746667688496,0.7540131011261404,0.8169721060547326,0.9703330627554194,0.8095588235294118
"LogisticRegressionLearner(C=3.0, class_weight='balanced', random_state=0, max_iter=5000)",0.8095588235294118,0.8115808693472364,0.7540274941841594,0.8170158647136405,0.9703366525628374,0.8095588235294118
"LogisticRegressionLearner(C=5.0, class_weight='balanced', random_state=0, max_iter=5000)",0.809485294117647,0.8115084220143779,0.7539262164631128,0.8169345936550725,0.9703353407668065,0.809485294117647
"LogisticRegressionLearner(penalty='l1', C=0.3, class_weight='balanced', random_state=0, max_iter=5000)",0.8097794117647059,0.8117688919271755,0.754302251525142,0.8171842973697261,0.9703399884742498,0.8097794117647059
"LogisticRegressionLearner(penalty='l1', C=0.1, class_weight='balanced', random_state=0, max_iter=5000)",0.8108088235294117,0.8128019716811123,0.7556670016691234,0.818282717458136,0.9703534096992337,0.8108088235294117
"LogisticRegressionLearner(penalty='l1', class_weight='balanced', random_state=0, max_iter=5000)",0.8094117647058824,0.8113895621030469,0.7538225020907866,0.8167352118125664,0.9703423370123052,0.8094117647058824
"LogisticRegressionLearner(penalty='l1', C=3.0, class_weight='balanced', random_state=0, max_iter=5000)",0.809485294117647,0.8114732156583995,0.7539211636737287,0.816836146798585,0.9703317086433874,0.809485294117647
"LogisticRegressionLearner(penalty='l1', C=5.0, class_weight='balanced', random_state=0, max_iter=5000)",0.8095588235294118,0.8115496035767624,0.754002250032391,0.8169006103996134,0.970336553825502,0.8095588235294118
"LogisticRegressionLearner(penalty=None, C=0.3, class_weight='balanced', random_state=0, max_iter=2500)",0.8094117647058824,0.8114232932950548,0.753817825434239,0.8167982338559931,0.9703355805574789,0.8094117647058824
"LogisticRegressionLearner(penalty=None, C=0.1, class_weight='balanced', random_state=0, max_iter=2500)",0.8094117647058824,0.8114232932950548,0.753817825434239,0.8167982338559931,0.9703355805574789,0.8094117647058824
"LogisticRegressionLearner(penalty=None, class_weight='balanced', random_state=0, max_iter=2500)",0.8094117647058824,0.8114232932950548,0.753817825434239,0.8167982338559931,0.9703355805574789,0.8094117647058824
"LogisticRegressionLearner(penalty=None, C=3.0, class_weight='balanced', random_state=0, max_iter=2500)",0.8094117647058824,0.8114232932950548,0.753817825434239,0.8167982338559931,0.9703355805574789,0.8094117647058824
"LogisticRegressionLearner(penalty=None, C=5.0, class_weight='balanced', random_state=0, max_iter=2500)",0.8094117647058824,0.8114232932950548,0.753817825434239,0.8167982338559931,0.9703355805574789,0.8094117647058824
"LogisticRegressionLearner(C=0.3, class_weight='balanced', random_state=0, max_iter=2500)",0.8102941176470588,0.8122681065477803,0.7549585872868826,0.8176534288947217,0.9703336058107656,0.8102941176470588
"LogisticRegressionLearner(C=0.1, class_weight='balanced', random_state=0, max_iter=2500)",0.8102205882352941,0.8121413159238912,0.754840689029705,0.8174563214593332,0.9703006416459864,0.8102205882352941
"LogisticRegressionLearner(class_weight='balanced', random_state=0, max_iter=2500)",0.8095588235294118,0.8115746667688496,0.7540131011261404,0.8169721060547326,0.9703330627554194,0.8095588235294118
"LogisticRegressionLearner(C=3.0, class_weight='balanced', random_state=0, max_iter=2500)",0.8095588235294118,0.8115808693472364,0.7540274941841594,0.8170158647136405,0.9703366525628374,0.8095588235294118
"LogisticRegressionLearner(C=5.0, class_weight='balanced', random_state=0, max_iter=2500)",0.809485294117647,0.8115084220143779,0.7539262164631128,0.8169345936550725,0.9703353407668065,0.809485294117647
"LogisticRegressionLearner(penalty='l1', C=0.3, class_weight='balanced', random_state=0, max_iter=2500)",0.8095588235294118,0.811580709098645,0.7540140142855815,0.817024499910105,0.9703318567493909,0.8095588235294118
"LogisticRegressionLearner(penalty='l1', C=0.1, class_weight='balanced', random_state=0, max_iter=2500)",0.8107352941176471,0.8127382189182213,0.7555692998966946,0.8181912543636664,0.9703542348612532,0.8107352941176471
"LogisticRegressionLearner(penalty='l1', class_weight='balanced', random_state=0, max_iter=2500)",0.809485294117647,0.8114899511787328,0.7539158599771103,0.8168753636944559,0.970333676337434,0.809485294117647
"LogisticRegressionLearner(penalty='l1', C=3.0, class_weight='balanced', random_state=0, max_iter=2500)",0.809485294117647,0.8114716476097128,0.7539059353278559,0.8168107289228129,0.9703303051626877,0.809485294117647
"LogisticRegressionLearner(penalty='l1', C=5.0, class_weight='balanced', random_state=0, max_iter=2500)",0.8097058823529412,0.8117039707871131,0.7541797287817942,0.817055292275419,0.9703320189607281,0.8097058823529412
"LogisticRegressionLearner(penalty=None, C=0.3, class_weight='balanced', random_state=0, max_iter=1000)",0.8094117647058824,0.8114232932950548,0.753817825434239,0.8167982338559931,0.9703355805574789,0.8094117647058824
"LogisticRegressionLearner(penalty=None, C=0.1, class_weight='balanced', random_state=0, max_iter=1000)",0.8094117647058824,0.8114232932950548,0.753817825434239,0.8167982338559931,0.9703355805574789,0.8094117647058824
"LogisticRegressionLearner(penalty=None, class_weight='balanced', random_state=0, max_iter=1000)",0.8094117647058824,0.8114232932950548,0.753817825434239,0.8167982338559931,0.9703355805574789,0.8094117647058824
"LogisticRegressionLearner(penalty=None, C=3.0, class_weight='balanced', random_state=0, max_iter=1000)",0.8094117647058824,0.8114232932950548,0.753817825434239,0.8167982338559931,0.9703355805574789,0.8094117647058824
"LogisticRegressionLearner(penalty=None, C=5.0, class_weight='balanced', random_state=0, max_iter=1000)",0.8094117647058824,0.8114232932950548,0.753817825434239,0.8167982338559931,0.9703355805574789,0.8094117647058824
"LogisticRegressionLearner(C=0.3, class_weight='balanced', random_state=0, max_iter=1000)",0.8102941176470588,0.8122681065477803,0.7549585872868826,0.8176534288947217,0.9703336058107656,0.8102941176470588
"LogisticRegressionLearner(C=0.1, class_weight='balanced', random_state=0, max_iter=1000)",0.8102205882352941,0.8121413159238912,0.754840689029705,0.8174563214593332,0.9703006416459864,0.8102205882352941
"LogisticRegressionLearner(class_weight='balanced', random_state=0, max_iter=1000)",0.8095588235294118,0.8115746667688496,0.7540131011261404,0.8169721060547326,0.9703330627554194,0.8095588235294118
"LogisticRegressionLearner(C=3.0, class_weight='balanced', random_state=0, max_iter=1000)",0.8095588235294118,0.8115808693472364,0.7540274941841594,0.8170158647136405,0.9703366525628374,0.8095588235294118
"LogisticRegressionLearner(C=5.0, class_weight='balanced', random_state=0, max_iter=1000)",0.809485294117647,0.8115084220143779,0.7539262164631128,0.8169345936550725,0.9703353407668065,0.809485294117647
"LogisticRegressionLearner(penalty='l1', C=0.3, class_weight='balanced', random_state=0, max_iter=1000)",0.8097794117647059,0.8117729688429363,0.754285732109953,0.8171578336350824,0.9703483458844472,0.8097794117647059
"LogisticRegressionLearner(penalty='l1', C=0.1, class_weight='balanced', random_state=0, max_iter=1000)",0.8106617647058824,0.8126431173897704,0.7554637152608299,0.8180712034022323,0.9703572604553247,0.8106617647058824
"LogisticRegressionLearner(penalty='l1', class_weight='balanced', random_state=0, max_iter=1000)",0.8096323529411765,0.8116251888052356,0.7541066404702791,0.8170009834744143,0.9703416881669568,0.8096323529411765
"LogisticRegressionLearner(penalty='l1', C=3.0, class_weight='balanced', random_state=0, max_iter=1000)",0.8095588235294118,0.8115531389323012,0.7540196507647358,0.8169354687706466,0.9703377598315306,0.8095588235294118
"LogisticRegressionLearner(penalty='l1', C=5.0, class_weight='balanced', random_state=0, max_iter=1000)",0.8094117647058824,0.8114150911301561,0.753831035355921,0.8168097282155058,0.9703374636195232,0.8094117647058824
"RandomForestLearner(n_estimators=50, min_samples_split=5, random_state=0, class_weight='balanced')",0.8471323529411765,0.8458439205890416,0.7999464678542457,0.8450572949648419,0.9746477891130747,0.8471323529411765
"RandomForestLearner(n_estimators=50, max_depth=5, min_samples_split=5, random_state=0, class_weight='balanced')",0.7760294117647059,0.7759395438883268,0.7137214344264609,0.7955823047953693,0.9570070910897623,0.7760294117647059
"RandomForestLearner(n_estimators=50, max_depth=15, min_samples_split=5, random_state=0, class_weight='balanced')",0.8450735294117647,0.8450709748164581,0.7983609012503153,0.8482532402597999,0.9740618500262246,0.8450735294117647
"RandomForestLearner(n_estimators=50, min_samples_split=5, max_features='log2', random_state=0, class_weight='balanced')",0.8413235294117647,0.8396144865302508,0.7922533846812222,0.8385255588419088,0.972131827799604,0.8413235294117647
"RandomForestLearner(n_estimators=50, max_depth=5, min_samples_split=5, max_features='log2', random_state=0, class_weight='balanced')",0.7567647058823529,0.7559670343622006,0.6936625249822524,0.7834444117861705,0.9481948332501307,0.7567647058823529
"RandomForestLearner(n_estimators=50, max_depth=15, min_samples_split=5, max_features='log2', random_state=0, class_weight='balanced')",0.8327205882352942,0.8326487925282834,0.782468316619372,0.8367293194870028,0.9707959081216931,0.8327205882352942
"RandomForestLearner(n_estimators=50, min_samples_split=5, max_features=5, random_state=0, class_weight='balanced')",0.8413235294117647,0.8396144865302508,0.7922533846812222,0.8385255588419088,0.972131827799604,0.8413235294117647
"RandomForestLearner(n_estimators=50, max_depth=5, min_samples_split=5, max_features=5, random_state=0, class_weight='balanced')",0.7567647058823529,0.7559670343622006,0.6936625249822524,0.7834444117861705,0.9481948332501307,0.7567647058823529
"RandomForestLearner(n_estimators=50, max_depth=15, min_samples_split=5, max_features=5, random_state=0, class_weight='balanced')",0.8327205882352942,0.8326487925282834,0.782468316619372,0.8367293194870028,0.9707959081216931,0.8327205882352942
"RandomForestLearner(n_estimators=100, min_samples_split=5, random_state=0, class_weight='balanced')",0.8508088235294118,0.8494108758503754,0.8047623261739572,0.8486086190542956,0.9756850036662583,0.8508088235294118
"RandomForestLearner(n_estimators=100, max_depth=5, min_samples_split=5, random_state=0, class_weight='balanced')",0.7747058823529411,0.7751579203193932,0.7163834490836509,0.803904338984141,0.9561476178461132,0.7747058823529411
"RandomForestLearner(n_estimators=100, max_depth=15, min_samples_split=5, random_state=0, class_weight='balanced')",0.8459558823529412,0.8460761900683653,0.7996754497143377,0.8499539346446899,0.9747350270754701,0.8459558823529412
"RandomForestLearner(n_estimators=100, min_samples_split=5, max_features='log2', random_state=0, class_weight='balanced')",0.8444117647058823,0.8427755650878489,0.7963284579063218,0.8418616227836575,0.9736775960528086,0.8444117647058823
"RandomForestLearner(n_estimators=100, max_depth=5, min_samples_split=5, max_features='log2', random_state=0, class_weight='balanced')",0.758014705882353,0.7570635659892867,0.69515654552582,0.7851906558470321,0.9507353448968484,0.758014705882353
"RandomForestLearner(n_estimators=100, max_depth=15, min_samples_split=5, max_features='log2', random_state=0, class_weight='balanced')",0.8333088235294117,0.8332867991116311,0.783612792522976,0.8386208548421833,0.9715473204041212,0.8333088235294117
"RandomForestLearner(n_estimators=100, min_samples_split=5, max_features=5, random_state=0, class_weight='balanced')",0.8444117647058823,0.8427755650878489,0.7963284579063218,0.8418616227836575,0.9736775960528086,0.8444117647058823
"RandomForestLearner(n_estimators=100, max_depth=5, min_samples_split=5, max_features=5, random_state=0, class_weight='balanced')",0.758014705882353,0.7570635659892867,0.69515654552582,0.7851906558470321,0.9507353448968484,0.758014705882353
"RandomForestLearner(n_estimators=100, max_depth=15, min_samples_split=5, max_features=5, random_state=0, class_weight='balanced')",0.8333088235294117,0.8332867991116311,0.783612792522976,0.8386208548421833,0.9715473204041212,0.8333088235294117
"RandomForestLearner(n_estimators=200, min_samples_split=5, random_state=0, class_weight='balanced')",0.8497058823529412,0.8484327284180274,0.8033734436885225,0.8479148114629451,0.9760897738474926,0.8497058823529412
"RandomForestLearner(n_estimators=200, max_depth=5, min_samples_split=5, random_state=0, class_weight='balanced')",0.7775,0.778299867941678,0.7174670940056591,0.8022248120163734,0.956978153997745,0.7775
"RandomForestLearner(n_estimators=200, max_depth=15, min_samples_split=5, random_state=0, class_weight='balanced')",0.8477941176470588,0.8480122007186272,0.8022216754316844,0.8530031598496229,0.9750940712912902,0.8477941176470588
"RandomForestLearner(n_estimators=200, min_samples_split=5, max_features='log2', random_state=0, class_weight='balanced')",0.8452205882352941,0.8435032289208406,0.7973741918925823,0.8427293527244453,0.9740405086563868,0.8452205882352941
"RandomForestLearner(n_estimators=200, max_depth=5, min_samples_split=5, max_features='log2', random_state=0, class_weight='balanced')",0.7688970588235294,0.7684747493369696,0.7080726789290684,0.7937491141149872,0.9518879410794259,0.7688970588235294
"RandomForestLearner(n_estimators=200, max_depth=15, min_samples_split=5, max_features='log2', random_state=0, class_weight='balanced')",0.836764705882353,0.8365698344347926,0.7879440594510535,0.8419690411330176,0.9718569747941073,0.836764705882353
"RandomForestLearner(n_estimators=200, min_samples_split=5, max_features=5, random_state=0, class_weight='balanced')",0.8452205882352941,0.8435032289208406,0.7973741918925823,0.8427293527244453,0.9740405086563868,0.8452205882352941
"RandomForestLearner(n_estimators=200, max_depth=5, min_samples_split=5, max_features=5, random_state=0, class_weight='balanced')",0.7688970588235294,0.7684747493369696,0.7080726789290684,0.7937491141149872,0.9518879410794259,0.7688970588235294
"RandomForestLearner(n_estimators=200, max_depth=15, min_samples_split=5, max_features=5, random_state=0, class_weight='balanced')",0.836764705882353,0.8365698344347926,0.7879440594510535,0.8419690411330176,0.9718569747941073,0.836764705882353
"RandomForestLearner(n_estimators=50, min_samples_split=10, random_state=0, class_weight='balanced')",0.8503676470588235,0.8498632317202242,0.8044983441231086,0.8500442803824592,0.9746992488966244,0.8503676470588235
"RandomForestLearner(n_estimators=50, max_depth=5, min_samples_split=10, random_state=0, class_weight='balanced')",0.7778676470588235,0.7778329389873023,0.7180898087330346,0.8014557477936641,0.9557794474794107,0.7778676470588235
"RandomForestLearner(n_estimators=50, max_depth=15, min_samples_split=10, random_state=0, class_weight='balanced')",0.8447058823529412,0.8450640983181303,0.7981641501094535,0.8489144809293641,0.9746112492462111,0.8447058823529412
"RandomForestLearner(n_estimators=50, min_samples_split=10, max_features='log2', random_state=0, class_weight='balanced')",0.8395588235294118,0.8391005778879167,0.790461193148805,0.8392048152953778,0.9723368699824507,0.8395588235294118
"RandomForestLearner(n_estimators=50, max_depth=5, min_samples_split=10, max_features='log2', random_state=0, class_weight='balanced')",0.76,0.7593449475927508,0.6970944748111737,0.7850596204406951,0.9489798867533539,0.76
"RandomForestLearner(n_estimators=50, max_depth=15, min_samples_split=10, max_features='log2', random_state=0, class_weight='balanced')",0.8335294117647059,0.8338207420435495,0.7837192549564765,0.8377047004034344,0.9712209441410733,0.8335294117647059
"RandomForestLearner(n_estimators=50, min_samples_split=10, max_features=5, random_state=0, class_weight='balanced')",0.8395588235294118,0.8391005778879167,0.790461193148805,0.8392048152953778,0.9723368699824507,0.8395588235294118
"RandomForestLearner(n_estimators=50, max_depth=5, min_samples_split=10, max_features=5, random_state=0, class_weight='balanced')",0.76,0.7593449475927508,0.6970944748111737,0.7850596204406951,0.9489798867533539,0.76
"RandomForestLearner(n_estimators=50, max_depth=15, min_samples_split=10, max_features=5, random_state=0, class_weight='balanced')",0.8335294117647059,0.8338207420435495,0.7837192549564765,0.8377047004034344,0.9712209441410733,0.8335294117647059
"RandomForestLearner(n_estimators=100, min_samples_split=10, random_state=0, class_weight='balanced')",0.8525735294117647,0.8522116527099568,0.8075086044862343,0.8531432282187595,0.9756691774818842,0.8525735294117647
"RandomForestLearner(n_estimators=100, max_depth=5, min_samples_split=10, random_state=0, class_weight='balanced')",0.7758088235294117,0.7759302609121783,0.7178275542065706,0.8046235503936635,0.956397945202697,0.7758088235294117
"RandomForestLearner(n_estimators=100, max_depth=15, min_samples_split=10, random_state=0, class_weight='balanced')",0.8449264705882353,0.8451845913314736,0.7986410621356019,0.8499355276006084,0.9750659170452916,0.8449264705882353
"RandomForestLearner(n_estimators=100, min_samples_split=10, max_features='log2', random_state=0, class_weight='balanced')",0.8419852941176471,0.8415372012582304,0.7936881054098,0.8419110724982758,0.9733961452774892,0.8419852941176471
"RandomForestLearner(n_estimators=100, max_depth=5, min_samples_split=10, max_features='log2', random_state=0, class_weight='balanced')",0.7594852941176471,0.7585542997542576,0.6967914634193854,0.7864696346546396,0.9512257309271063,0.7594852941176471
"RandomForestLearner(n_estimators=100, max_depth=15, min_samples_split=10, max_features='log2', random_state=0, class_weight='balanced')",0.8363970588235294,0.8367463536732941,0.7875483841266366,0.8422629513137705,0.9721737382722613,0.8363970588235294
"RandomForestLearner(n_estimators=100, min_samples_split=10, max_features=5, random_state=0, class_weight='balanced')",0.8419852941176471,0.8415372012582304,0.7936881054098,0.8419110724982758,0.9733961452774892,0.8419852941176471
"RandomForestLearner(n_estimators=100, max_depth=5, min_samples_split=10, max_features=5, random_state=0, class_weight='balanced')",0.7594852941176471,0.7585542997542576,0.6967914634193854,0.7864696346546396,0.9512257309271063,0.7594852941176471
"RandomForestLearner(n_estimators=100, max_depth=15, min_samples_split=10, max_features=5, random_state=0, class_weight='balanced')",0.8363970588235294,0.8367463536732941,0.7875483841266366,0.8422629513137705,0.9721737382722613,0.8363970588235294
"RandomForestLearner(n_estimators=200, min_samples_split=10, random_state=0, class_weight='balanced')",0.8516176470588235,0.8512840661732787,0.8062635511245986,0.8520948740984624,0.9760687780583297,0.8516176470588235
"RandomForestLearner(n_estimators=200, max_depth=5, min_samples_split=10, random_state=0, class_weight='balanced')",0.7799264705882353,0.7803149008446816,0.7209075724285022,0.8044298054141744,0.9571249693632153,0.7799264705882353
"RandomForestLearner(n_estimators=200, max_depth=15, min_samples_split=10, random_state=0, class_weight='balanced')",0.8459558823529412,0.8461488248093579,0.799907560507514,0.8509553426085701,0.9749761648071699,0.8459558823529412
"RandomForestLearner(n_estimators=200, min_samples_split=10, max_features='log2', random_state=0, class_weight='balanced')",0.8424264705882353,0.8420019571045334,0.7943025520383333,0.8427941617256899,0.9735353966577808,0.8424264705882353
"RandomForestLearner(n_estimators=200, max_depth=5, min_samples_split=10, max_features='log2', random_state=0, class_weight='balanced')",0.7670588235294118,0.7665406188927139,0.7057348175659781,0.7917774004630296,0.951911638039986,0.7670588235294118
"RandomForestLearner(n_estimators=200, max_depth=15, min_samples_split=10, max_features='log2', random_state=0, class_weight='balanced')",0.83625,0.83658833125629,0.787465433609902,0.842746692454655,0.97214603539694,0.83625
"RandomForestLearner(n_estimators=200, min_samples_split=10, max_features=5, random_state=0, class_weight='balanced')",0.8424264705882353,0.8420019571045334,0.7943025520383333,0.8427941617256899,0.9735353966577808,0.8424264705882353
"RandomForestLearner(n_estimators=200, max_depth=5, min_samples_split=10, max_features=5, random_state=0, class_weight='balanced')",0.7670588235294118,0.7665406188927139,0.7057348175659781,0.7917774004630296,0.951911638039986,0.7670588235294118
"RandomForestLearner(n_estimators=200, max_depth=15, min_samples_split=10, max_features=5, random_state=0, class_weight='balanced')",0.83625,0.83658833125629,0.787465433609902,0.842746692454655,0.97214603539694,0.83625
"TreeLearner(min_samples_leaf=2, min_samples_split=5)",0.8111029411764706,0.8095859640833247,0.752918089619058,0.8082754789302314,0.8659907047543777,0.8111029411764706
"TreeLearner(min_samples_leaf=2, min_samples_split=5, sufficient_majority=0.9)",0.8182352941176471,0.8163834302341986,0.7619238498468863,0.8150680682755552,0.8833327963902985,0.8182352941176471
"TreeLearner(max_depth=100, min_samples_leaf=2, min_samples_split=5)",0.8111029411764706,0.8095859640833247,0.752918089619058,0.8082754789302314,0.8659907047543777,0.8111029411764706
"TreeLearner(max_depth=100, min_samples_leaf=2, min_samples_split=5, sufficient_majority=0.9)",0.8182352941176471,0.8163834302341986,0.7619238498468863,0.8150680682755552,0.8833327963902985,0.8182352941176471
"TreeLearner(min_samples_leaf=2, min_samples_split=10)",0.8140441176470589,0.8125371481560087,0.7567540661679465,0.8112795421000033,0.891857478213466,0.8140441176470589
"TreeLearner(min_samples_leaf=2, min_samples_split=10, sufficient_majority=0.9)",0.8193382352941176,0.817530819687303,0.7633658894642656,0.8162885276695508,0.9043513903514552,0.8193382352941176
"TreeLearner(max_depth=100, min_samples_leaf=2, min_samples_split=10)",0.8140441176470589,0.8125371481560087,0.7567540661679465,0.8112795421000033,0.891857478213466,0.8140441176470589
"TreeLearner(max_depth=100, min_samples_leaf=2, min_samples_split=10, sufficient_majority=0.9)",0.8193382352941176,0.817530819687303,0.7633658894642656,0.8162885276695508,0.9043513903514552,0.8193382352941176
"TreeLearner(min_samples_leaf=10, min_samples_split=5)",0.8255882352941176,0.8240764213593728,0.7716647438998582,0.822905015790521,0.943890368522718,0.8255882352941176
"TreeLearner(min_samples_leaf=10, min_samples_split=5, sufficient_majority=0.9)",0.8249264705882353,0.8231396695017729,0.7705751254432945,0.8220407381826018,0.9458668748764373,0.8249264705882353
"TreeLearner(max_depth=100, min_samples_leaf=10, min_samples_split=5)",0.8255882352941176,0.8240764213593728,0.7716647438998582,0.822905015790521,0.943890368522718,0.8255882352941176
"TreeLearner(max_depth=100, min_samples_leaf=10, min_samples_split=5, sufficient_majority=0.9)",0.8249264705882353,0.8231396695017729,0.7705751254432945,0.8220407381826018,0.9458668748764373,0.8249264705882353
"TreeLearner(min_samples_leaf=10, min_samples_split=10)",0.8255882352941176,0.8240764213593728,0.7716647438998582,0.822905015790521,0.943890368522718,0.8255882352941176
"TreeLearner(min_samples_leaf=10, min_samples_split=10, sufficient_majority=0.9)",0.8249264705882353,0.8231396695017729,0.7705751254432945,0.8220407381826018,0.9458668748764373,0.8249264705882353
"TreeLearner(max_depth=100, min_samples_leaf=10, min_samples_split=10)",0.8255882352941176,0.8240764213593728,0.7716647438998582,0.822905015790521,0.943890368522718,0.8255882352941176
"TreeLearner(max_depth=100, min_samples_leaf=10, min_samples_split=10, sufficient_majority=0.9)",0.8249264705882353,0.8231396695017729,0.7705751254432945,0.8220407381826018,0.9458668748764373,0.8249264705882353
"TreeLearner(binarize=True, min_samples_leaf=2, min_samples_split=5)",0.8111029411764706,0.8095859640833247,0.752918089619058,0.8082754789302314,0.8659907047543777,0.8111029411764706
"TreeLearner(binarize=True, min_samples_leaf=2, min_samples_split=5, sufficient_majority=0.9)",0.8182352941176471,0.8163834302341986,0.7619238498468863,0.8150680682755552,0.8833327963902985,0.8182352941176471
"TreeLearner(binarize=True, max_depth=100, min_samples_leaf=2, min_samples_split=5)",0.8111029411764706,0.8095859640833247,0.752918089619058,0.8082754789302314,0.8659907047543777,0.8111029411764706
"TreeLearner(binarize=True, max_depth=100, min_samples_leaf=2, min_samples_split=5, sufficient_majority=0.9)",0.8182352941176471,0.8163834302341986,0.7619238498468863,0.8150680682755552,0.8833327963902985,0.8182352941176471
"TreeLearner(binarize=True, min_samples_leaf=2, min_samples_split=10)",0.8140441176470589,0.8125371481560087,0.7567540661679465,0.8112795421000033,0.891857478213466,0.8140441176470589
"TreeLearner(binarize=True, min_samples_leaf=2, min_samples_split=10, sufficient_majority=0.9)",0.8193382352941176,0.817530819687303,0.7633658894642656,0.8162885276695508,0.9043513903514552,0.8193382352941176
"TreeLearner(binarize=True, max_depth=100, min_samples_leaf=2, min_samples_split=10)",0.8140441176470589,0.8125371481560087,0.7567540661679465,0.8112795421000033,0.891857478213466,0.8140441176470589
"TreeLearner(binarize=True, max_depth=100, min_samples_leaf=2, min_samples_split=10, sufficient_majority=0.9)",0.8193382352941176,0.817530819687303,0.7633658894642656,0.8162885276695508,0.9043513903514552,0.8193382352941176
"TreeLearner(binarize=True, min_samples_leaf=10, min_samples_split=5)",0.8255882352941176,0.8240764213593728,0.7716647438998582,0.822905015790521,0.943890368522718,0.8255882352941176
"TreeLearner(binarize=True, min_samples_leaf=10, min_samples_split=5, sufficient_majority=0.9)",0.8249264705882353,0.8231396695017729,0.7705751254432945,0.8220407381826018,0.9458668748764373,0.8249264705882353
"TreeLearner(binarize=True, max_depth=100, min_samples_leaf=10, min_samples_split=5)",0.8255882352941176,0.8240764213593728,0.7716647438998582,0.822905015790521,0.943890368522718,0.8255882352941176
"TreeLearner(binarize=True, max_depth=100, min_samples_leaf=10, min_samples_split=5, sufficient_majority=0.9)",0.8249264705882353,0.8231396695017729,0.7705751254432945,0.8220407381826018,0.9458668748764373,0.8249264705882353
"TreeLearner(binarize=True, min_samples_leaf=10, min_samples_split=10)",0.8255882352941176,0.8240764213593728,0.7716647438998582,0.822905015790521,0.943890368522718,0.8255882352941176
"TreeLearner(binarize=True, min_samples_leaf=10, min_samples_split=10, sufficient_majority=0.9)",0.8249264705882353,0.8231396695017729,0.7705751254432945,0.8220407381826018,0.9458668748764373,0.8249264705882353
"TreeLearner(binarize=True, max_depth=100, min_samples_leaf=10, min_samples_split=10)",0.8255882352941176,0.8240764213593728,0.7716647438998582,0.822905015790521,0.943890368522718,0.8255882352941176
"TreeLearner(binarize=True, max_depth=100, min_samples_leaf=10, min_samples_split=10, sufficient_majority=0.9)",0.8249264705882353,0.8231396695017729,0.7705751254432945,0.8220407381826018,0.9458668748764373,0.8249264705882353
"GBClassifier(learning_rate=0.05, n_estimators=50, subsample=0.8, min_impurity_split=<?>, random_state=0, presort=<?>)",0.8425,0.8399117409485084,0.7933596364902618,0.8402844426487031,0.9746763841507504,0.8425
"GBClassifier(learning_rate=0.05, n_estimators=50, min_impurity_split=<?>, random_state=0, presort=<?>)",0.8429411764705882,0.8401224503089751,0.793931192463574,0.8404722277031074,0.974587527601317,0.8429411764705882
"GBClassifier(learning_rate=0.05, n_estimators=50, subsample=0.8, min_samples_split=5, min_impurity_split=<?>, random_state=0, presort=<?>)",0.8425,0.8399117409485084,0.7933596364902618,0.8402844426487031,0.9746763841507504,0.8425
"GBClassifier(learning_rate=0.05, n_estimators=50, min_samples_split=5, min_impurity_split=<?>, random_state=0, presort=<?>)",0.8429411764705882,0.8401224503089751,0.793931192463574,0.8404722277031074,0.974587527601317,0.8429411764705882
"GBClassifier(learning_rate=0.05, n_estimators=50, subsample=0.8, max_depth=5, min_impurity_split=<?>, random_state=0, presort=<?>)",0.8611029411764706,0.8594593355836431,0.8179171158006301,0.8591435062352609,0.9804019295080872,0.8611029411764706
"GBClassifier(learning_rate=0.05, n_estimators=50, max_depth=5, min_impurity_split=<?>, random_state=0, presort=<?>)",0.861764705882353,0.8601193164041858,0.8187655905115935,0.8597049162436124,0.9805252524403355,0.861764705882353
"GBClassifier(learning_rate=0.05, n_estimators=50, subsample=0.8, min_samples_split=5, max_depth=5, min_impurity_split=<?>, random_state=0, presort=<?>)",0.8604411764705883,0.8588167420302515,0.817060971396621,0.8585400709917463,0.9803690640806436,0.8604411764705883
"GBClassifier(learning_rate=0.05, n_estimators=50, min_samples_split=5, max_depth=5, min_impurity_split=<?>, random_state=0, presort=<?>)",0.8613235294117647,0.8596401813213419,0.8181833692140655,0.8591784449339706,0.9804740923951262,0.8613235294117647
"GBClassifier(n_estimators=50, subsample=0.8, min_impurity_split=<?>, random_state=0, presort=<?>)",0.8611764705882353,0.8596063841008957,0.8180763149020999,0.8596118831142217,0.9811704797709204,0.8611764705882353
"GBClassifier(n_estimators=50, min_impurity_split=<?>, random_state=0, presort=<?>)",0.8611029411764706,0.8592263169445519,0.8178946880416291,0.858907950519367,0.9812343839850977,0.8611029411764706
"GBClassifier(n_estimators=50, subsample=0.8, min_samples_split=5, min_impurity_split=<?>, random_state=0, presort=<?>)",0.8611764705882353,0.8596063841008957,0.8180763149020999,0.8596118831142217,0.9811705220869213,0.8611764705882353
"GBClassifier(n_estimators=50, min_samples_split=5, min_impurity_split=<?>, random_state=0, presort=<?>)",0.8611029411764706,0.8592263169445519,0.8178946880416291,0.858907950519367,0.9812343839850977,0.8611029411764706
"GBClassifier(n_estimators=50, subsample=0.8, max_depth=5, min_impurity_split=<?>, random_state=0, presort=<?>)",0.870735294117647,0.8694086637870566,0.8307198006887656,0.8690347386182845,0.9843031333249679,0.870735294117647
"GBClassifier(n_estimators=50, max_depth=5, min_impurity_split=<?>, random_state=0, presort=<?>)",0.8690441176470588,0.867623973040357,0.8284887737909449,0.8673331299500299,0.9846139584576483,0.8690441176470588
"GBClassifier(n_estimators=50, subsample=0.8, min_samples_split=5, max_depth=5, min_impurity_split=<?>, random_state=0, presort=<?>)",0.8699264705882352,0.8686427821603807,0.8296575069923025,0.8682731695307636,0.9843121395805141,0.8699264705882352
"GBClassifier(n_estimators=50, min_samples_split=5, max_depth=5, min_impurity_split=<?>, random_state=0, presort=<?>)",0.8700735294117647,0.8686498093537831,0.829814833770107,0.8683355109133435,0.9846600617407382,0.8700735294117647
"GBClassifier(learning_rate=0.5, n_estimators=50, subsample=0.8, min_impurity_split=<?>, random_state=0, presort=<?>)",0.8765441176470589,0.8754318131986796,0.8383788858709315,0.8751753760803411,0.9860454664554854,0.8765441176470589
"GBClassifier(learning_rate=0.5, n_estimators=50, min_impurity_split=<?>, random_state=0, presort=<?>)",0.8799264705882353,0.8788690322934561,0.84278163498296,0.878470669591781,0.9864789727277323,0.8799264705882353
"GBClassifier(learning_rate=0.5, n_estimators=50, subsample=0.8, min_samples_split=5, min_impurity_split=<?>, random_state=0, presort=<?>)",0.8775735294117647,0.8765431587813892,0.8397220010943275,0.8761927016718126,0.9860546772383698,0.8775735294117647
"GBClassifier(learning_rate=0.5, n_estimators=50, min_samples_split=5, min_impurity_split=<?>, random_state=0, presort=<?>)",0.8814705882352941,0.8804276686257236,0.8447880737977388,0.8801310294012379,0.9868301461673664,0.8814705882352941
"GBClassifier(learning_rate=0.5, n_estimators=50, subsample=0.8, max_depth=5, min_impurity_split=<?>, random_state=0, presort=<?>)",0.870735294117647,0.8698719142221948,0.8308896138710422,0.8693964965618494,0.9828576575204674,0.870735294117647
"GBClassifier(learning_rate=0.5, n_estimators=50, max_depth=5, min_impurity_split=<?>, random_state=0, presort=<?>)",0.8775,0.8765332884469097,0.8396632501942652,0.87597821452686,0.985204929622284,0.8775
"GBClassifier(learning_rate=0.5, n_estimators=50, subsample=0.8, min_samples_split=5, max_depth=5, min_impurity_split=<?>, random_state=0, presort=<?>)",0.8725,0.8715651344574618,0.8331403035131837,0.8713031057732036,0.9828662617740043,0.8725
"GBClassifier(learning_rate=0.5, n_estimators=50, min_samples_split=5, max_depth=5, min_impurity_split=<?>, random_state=0, presort=<?>)",0.8747794117647059,0.8738698932699777,0.8361258811519536,0.8733575258649315,0.9851797798123562,0.8747794117647059
"GBClassifier(learning_rate=0.05, subsample=0.8, min_impurity_split=<?>, random_state=0, presort=<?>)",0.8595588235294118,0.8578357504604309,0.8159050688843139,0.8576654720250101,0.9810663259871251,0.8595588235294118
"GBClassifier(learning_rate=0.05, min_impurity_split=<?>, random_state=0, presort=<?>)",0.86125,0.859585422104592,0.8181296223189313,0.8596140223416773,0.9811521428371536,0.86125
"GBClassifier(learning_rate=0.05, subsample=0.8, min_samples_split=5, min_impurity_split=<?>, random_state=0, presort=<?>)",0.8596323529411765,0.8578974768204477,0.8159984234077703,0.8577040220365348,0.981070261375218,0.8596323529411765
"GBClassifier(learning_rate=0.05, min_samples_split=5, min_impurity_split=<?>, random_state=0, presort=<?>)",0.86125,0.859585422104592,0.8181296223189313,0.8596140223416773,0.9811521428371536,0.86125
"GBClassifier(learning_rate=0.05, subsample=0.8, max_depth=5, min_impurity_split=<?>, random_state=0, presort=<?>)",0.8694117647058823,0.8679410191687129,0.8289411955347482,0.867445130161033,0.9845739134153685,0.8694117647058823
"GBClassifier(learning_rate=0.05, max_depth=5, min_impurity_split=<?>, random_state=0, presort=<?>)",0.8703676470588235,0.8690499277315881,0.8302309992036151,0.8688232201139255,0.984548707184106,0.8703676470588235
"GBClassifier(learning_rate=0.05, subsample=0.8, min_samples_split=5, max_depth=5, min_impurity_split=<?>, random_state=0, presort=<?>)",0.8698529411764706,0.8684231943426716,0.829532983358359,0.8679184514850773,0.984602631874714,0.8698529411764706
"GBClassifier(learning_rate=0.05, min_samples_split=5, max_depth=5, min_impurity_split=<?>, random_state=0, presort=<?>)",0.8694117647058823,0.8680554442149525,0.8289581847477473,0.8677194994930442,0.9844850639186016,0.8694117647058823
"GBClassifier(subsample=0.8, min_impurity_split=<?>, random_state=0, presort=<?>)",0.8705147058823529,0.8691746906334431,0.8304254248726459,0.8688446581318681,0.9847514149342307,0.8705147058823529
"GBClassifier(min_impurity_split=<?>, random_state=0, presort=<?>)",0.8710294117647058,0.8695718195407545,0.8310581804972033,0.8690125955838081,0.984888497619471,0.8710294117647058
"GBClassifier(subsample=0.8, min_samples_split=5, min_impurity_split=<?>, random_state=0, presort=<?>)",0.8702941176470588,0.8689409881583456,0.8301381192879582,0.8686172809558196,0.9847550117943158,0.8702941176470588
"GBClassifier(min_samples_split=5, min_impurity_split=<?>, random_state=0, presort=<?>)",0.8710294117647058,0.8695718195407545,0.8310581804972033,0.8690125955838081,0.984888497619471,0.8710294117647058
"GBClassifier(subsample=0.8, max_depth=5, min_impurity_split=<?>, random_state=0, presort=<?>)",0.8765441176470589,0.8754485146336164,0.8383593126960945,0.8749762537093225,0.9861108869930317,0.8765441176470589
"GBClassifier(max_depth=5, min_impurity_split=<?>, random_state=0, presort=<?>)",0.87625,0.8750179044120459,0.8379801489962135,0.8744843310917602,0.9863684080697854,0.87625
"GBClassifier(subsample=0.8, min_samples_split=5, max_depth=5, min_impurity_split=<?>, random_state=0, presort=<?>)",0.8784558823529411,0.8774017928120711,0.8408619781743709,0.8770697396260524,0.9861757715278989,0.8784558823529411
"GBClassifier(min_samples_split=5, max_depth=5, min_impurity_split=<?>, random_state=0, presort=<?>)",0.8763235294117647,0.8751636335032565,0.8380813724479738,0.8746458449969138,0.9863835713034773,0.8763235294117647
"GBClassifier(learning_rate=0.5, subsample=0.8, min_impurity_split=<?>, random_state=0, presort=<?>)",0.8780882352941176,0.8771251790326885,0.8403854879594591,0.8767173823080529,0.9863325311536041,0.8780882352941176
"GBClassifier(learning_rate=0.5, min_impurity_split=<?>, random_state=0, presort=<?>)",0.8856617647058823,0.8849083400549986,0.8503330651164143,0.8846851727222527,0.9873174924982193,0.8856617647058823
"GBClassifier(learning_rate=0.5, subsample=0.8, min_samples_split=5, min_impurity_split=<?>, random_state=0, presort=<?>)",0.8778676470588235,0.8768078450652717,0.84009172914232,0.8763923356186084,0.9866074864227701,0.8778676470588235
"GBClassifier(learning_rate=0.5, min_samples_split=5, min_impurity_split=<?>, random_state=0, presort=<?>)",0.888014705882353,0.8872362247848236,0.8534103147502808,0.8869493979185288,0.9877672410621836,0.888014705882353
"GBClassifier(learning_rate=0.5, subsample=0.8, max_depth=5, min_impurity_split=<?>, random_state=0, presort=<?>)",0.8676470588235294,0.8670169349634845,0.8269323666666486,0.8666618771227829,0.9808317754462477,0.8676470588235294
"GBClassifier(learning_rate=0.5, max_depth=5, min_impurity_split=<?>, random_state=0, presort=<?>)",0.8778676470588235,0.876948125346832,0.8401651537534173,0.8764314008791042,0.9849878062211518,0.8778676470588235
"GBClassifier(learning_rate=0.5, subsample=0.8, min_samples_split=5, max_depth=5, min_impurity_split=<?>, random_state=0, presort=<?>)",0.8700735294117647,0.8693670417680763,0.8299948374883366,0.8691339471806069,0.9813684093392655,0.8700735294117647
"GBClassifier(learning_rate=0.5, min_samples_split=5, max_depth=5, min_impurity_split=<?>, random_state=0, presort=<?>)",0.87625,0.8754309506358611,0.8380279484012192,0.8750747985307264,0.9843875184836293,0.87625
"GBClassifier(learning_rate=0.05, n_estimators=200, subsample=0.8, min_impurity_split=<?>, random_state=0, presort=<?>)",0.8703676470588235,0.8689864640017088,0.8302092513109864,0.8686621258583989,0.9847517816729061,0.8703676470588235
"GBClassifier(learning_rate=0.05, n_estimators=200, min_impurity_split=<?>, random_state=0, presort=<?>)",0.8708823529411764,0.8695109257826517,0.8308907122266759,0.869255370975784,0.9848413646470235,0.8708823529411764
"GBClassifier(learning_rate=0.05, n_estimators=200, subsample=0.8, min_samples_split=5, min_impurity_split=<?>, random_state=0, presort=<?>)",0.8714705882352941,0.8701098730507922,0.8316430579244372,0.8697828535189407,0.9847650124758855,0.8714705882352941
"GBClassifier(learning_rate=0.05, n_estimators=200, min_samples_split=5, min_impurity_split=<?>, random_state=0, presort=<?>)",0.8713970588235294,0.8700373091119897,0.8315718875534119,0.8697909880286202,0.9848074413195551,0.8713970588235294
"GBClassifier(learning_rate=0.05, n_estimators=200, subsample=0.8, max_depth=5, min_impurity_split=<?>, random_state=0, presort=<?>)",0.8773529411764706,0.8762523596599712,0.83943124218932,0.8759150926424084,0.9863921332410129,0.8773529411764706
"GBClassifier(learning_rate=0.05, n_estimators=200, max_depth=5, min_impurity_split=<?>, random_state=0, presort=<?>)",0.8757352941176471,0.8746172927716291,0.8373312009511075,0.8742259830873247,0.9862984879307993,0.8757352941176471
"GBClassifier(learning_rate=0.05, n_estimators=200, subsample=0.8, min_samples_split=5, max_depth=5, min_impurity_split=<?>, random_state=0, presort=<?>)",0.8773529411764706,0.8762662301755823,0.8394318646566117,0.8759265277373297,0.9864371292554099,0.8773529411764706
"GBClassifier(learning_rate=0.05, n_estimators=200, min_samples_split=5, max_depth=5, min_impurity_split=<?>, random_state=0, presort=<?>)",0.8756617647058823,0.8744386693832669,0.8372149882329372,0.8738823420686049,0.9863147936965182,0.8756617647058823
"GBClassifier(n_estimators=200, subsample=0.8, min_impurity_split=<?>, random_state=0, presort=<?>)",0.8789705882352942,0.8777665934991182,0.8415433541089196,0.8773975050513848,0.9866185943730327,0.8789705882352942
"GBClassifier(n_estimators=200, min_impurity_split=<?>, random_state=0, presort=<?>)",0.8788235294117647,0.87763540507508,0.8413269611226982,0.8772101738442537,0.986940978826653,0.8788235294117647
"GBClassifier(n_estimators=200, subsample=0.8, min_samples_split=5, min_impurity_split=<?>, random_state=0, presort=<?>)",0.8791176470588236,0.8779393143074371,0.8417434036193678,0.8775654257332708,0.9865956026791558,0.8791176470588236
"GBClassifier(n_estimators=200, min_samples_split=5, min_impurity_split=<?>, random_state=0, presort=<?>)",0.8799264705882353,0.8788114166851188,0.8427781450108881,0.8784715019290433,0.9869532716249434,0.8799264705882353
"GBClassifier(n_estimators=200, subsample=0.8, max_depth=5, min_impurity_split=<?>, random_state=0, presort=<?>)",0.8820588235294118,0.8810320468407988,0.8456076225701153,0.880548070629281,0.987059237944115,0.8820588235294118
"GBClassifier(n_estimators=200, max_depth=5, min_impurity_split=<?>, random_state=0, presort=<?>)",0.8816911764705883,0.8807420372833659,0.8451446206541956,0.880267743588306,0.9873646748393345,0.8816911764705883
"GBClassifier(n_estimators=200, subsample=0.8, min_samples_split=5, max_depth=5, min_impurity_split=<?>, random_state=0, presort=<?>)",0.8841176470588236,0.8832527606574416,0.848300044538294,0.8829619986428037,0.9871750215755185,0.8841176470588236
"GBClassifier(n_estimators=200, min_samples_split=5, max_depth=5, min_impurity_split=<?>, random_state=0, presort=<?>)",0.8823529411764706,0.8814564057790171,0.8460315210241173,0.881046560131245,0.9873422262008039,0.8823529411764706
"GBClassifier(learning_rate=0.5, n_estimators=200, subsample=0.8, min_impurity_split=<?>, random_state=0, presort=<?>)",0.8822058823529412,0.8815722044717725,0.8458344144305789,0.8813946983440814,0.9860724711167903,0.8822058823529412
"GBClassifier(learning_rate=0.5, n_estimators=200, min_impurity_split=<?>, random_state=0, presort=<?>)",0.888014705882353,0.8874977157085839,0.8534581567667527,0.8873405637346493,0.9872518039593333,0.888014705882353
"GBClassifier(learning_rate=0.5, n_estimators=200, subsample=0.8, min_samples_split=5, min_impurity_split=<?>, random_state=0, presort=<?>)",0.8821323529411764,0.8813097519073982,0.8457419225211916,0.8810158661989926,0.9862212859133079,0.8821323529411764
"GBClassifier(learning_rate=0.5, n_estimators=200, min_samples_split=5, min_impurity_split=<?>, random_state=0, presort=<?>)",0.8888235294117647,0.8882437991182766,0.8544976050994176,0.8880388889294057,0.9876795199921102,0.8888235294117647
"GBClassifier(learning_rate=0.5, n_estimators=200, subsample=0.8, max_depth=5, min_impurity_split=<?>, random_state=0, presort=<?>)",0.8661029411764706,0.8655356963031309,0.8249137951127565,0.8652444747850643,0.9771495357765425,0.8661029411764706
"GBClassifier(learning_rate=0.5, n_estimators=200, max_depth=5, min_impurity_split=<?>, random_state=0, presort=<?>)",0.8794117647058823,0.8786471786002508,0.8421979273832882,0.8782979975207224,0.9846629674394735,0.8794117647058823
"GBClassifier(learning_rate=0.5, n_estimators=200, subsample=0.8, min_samples_split=5, max_depth=5, min_impurity_split=<?>, random_state=0, presort=<?>)",0.8679411764705882,0.8673564565679316,0.8272534727446801,0.8672223162572203,0.9747758655427687,0.8679411764705882
"GBClassifier(learning_rate=0.5, n_estimators=200, min_samples_split=5, max_depth=5, min_impurity_split=<?>, random_state=0, presort=<?>)",0.8796323529411765,0.8789381465892359,0.8424934162157117,0.8786336620727969,0.9842553691388389,0.8796323529411765
"NNClassificationLearner(hidden_layer_sizes=[100], random_state=1)",0.8222794117647059,0.8207091440914311,0.7677157836533887,0.820804970780594,0.9713449511820045,0.8222794117647059
"NNClassificationLearner(hidden_layer_sizes=[100], max_iter=300, random_state=1)",0.8197794117647059,0.817765769845088,0.7642431115269402,0.8163143397988977,0.9708868804711767,0.8197794117647059
"NNClassificationLearner(hidden_layer_sizes=[100], max_iter=500, random_state=1)",0.8225735294117648,0.8213458038420139,0.7677629629354594,0.8203977713687929,0.97120177499262,0.8225735294117648
"NNClassificationLearner(hidden_layer_sizes=[100], alpha=0.001, random_state=1)",0.8247058823529412,0.8233462561941387,0.7709681951254336,0.8232756527307059,0.971578443822857,0.8247058823529412
"NNClassificationLearner(hidden_layer_sizes=[100], alpha=0.001, max_iter=300, random_state=1)",0.8238970588235294,0.8220663240840327,0.7696371160574688,0.8206654285308912,0.9720187347605973,0.8238970588235294
"NNClassificationLearner(hidden_layer_sizes=[100], alpha=0.001, max_iter=500, random_state=1)",0.8241176470588235,0.822410460364713,0.7697354151559803,0.8211070499209019,0.9721571292418689,0.8241176470588235
"NNClassificationLearner(hidden_layer_sizes=[100], alpha=0.01, random_state=1)",0.8255882352941176,0.823859890349012,0.772047307421831,0.8239799979434612,0.9721310625852526,0.8255882352941176
"NNClassificationLearner(hidden_layer_sizes=[100], alpha=0.01, max_iter=300, random_state=1)",0.8225,0.8203719152421117,0.7676910638171416,0.8187466088816343,0.9722432564092378,0.8225
"NNClassificationLearner(hidden_layer_sizes=[100], alpha=0.01, max_iter=500, random_state=1)",0.8230882352941177,0.8215685714444787,0.7684485245395388,0.8207297846104723,0.9724046566897195,0.8230882352941177
"NNClassificationLearner(hidden_layer_sizes=[64, 32], random_state=1)",0.8138970588235294,0.8130595761802456,0.756677148744798,0.8133372170698753,0.967004387379405,0.8138970588235294
"NNClassificationLearner(hidden_layer_sizes=[64, 32], max_iter=300, random_state=1)",0.8141176470588235,0.8128158533327785,0.7567914400723171,0.811818152770542,0.9669674172998645,0.8141176470588235
"NNClassificationLearner(hidden_layer_sizes=[64, 32], max_iter=500, random_state=1)",0.8141176470588235,0.8128158533327785,0.7567914400723171,0.811818152770542,0.9669674172998645,0.8141176470588235
"NNClassificationLearner(hidden_layer_sizes=[64, 32], alpha=0.001, random_state=1)",0.8096323529411765,0.8086368916674622,0.7508684717140403,0.8089787773705308,0.9668600051839923,0.8096323529411765
"NNClassificationLearner(hidden_layer_sizes=[64, 32], alpha=0.001, max_iter=300, random_state=1)",0.805514705882353,0.803331114234314,0.7458641667890342,0.8018384063836171,0.9655371364660563,0.805514705882353
"NNClassificationLearner(hidden_layer_sizes=[64, 32], alpha=0.001, max_iter=500, random_state=1)",0.8089705882352941,0.8069789801139607,0.749763075344924,0.8056866830834767,0.9655389560540996,0.8089705882352941
"NNClassificationLearner(hidden_layer_sizes=[64, 32], alpha=0.01, random_state=1)",0.814485294117647,0.8134561705014092,0.7571153075352692,0.8132748749847872,0.9679701725229003,0.814485294117647
"NNClassificationLearner(hidden_layer_sizes=[64, 32], alpha=0.01, max_iter=300, random_state=1)",0.810514705882353,0.8080301362097854,0.7522338212290126,0.8064729584376731,0.9663282834734238,0.810514705882353
"NNClassificationLearner(hidden_layer_sizes=[64, 32], alpha=0.01, max_iter=500, random_state=1)",0.8086764705882353,0.8062319713139612,0.7493946437713074,0.8044620721930297,0.9660169011800636,0.8086764705882353
"NNClassificationLearner(hidden_layer_sizes=[128], random_state=1)",0.8117647058823529,0.8105215349995133,0.753829959189896,0.8095872679483754,0.9687000036448183,0.8117647058823529
"NNClassificationLearner(hidden_layer_sizes=[128], max_iter=300, random_state=1)",0.8114705882352942,0.8094598020136144,0.7530874598189824,0.8084912566918973,0.9682089687692116,0.8114705882352942
"NNClassificationLearner(hidden_layer_sizes=[128], max_iter=500, random_state=1)",0.8114705882352942,0.8094598020136144,0.7530874598189824,0.8084912566918973,0.9682089687692116,0.8114705882352942
"NNClassificationLearner(hidden_layer_sizes=[128], alpha=0.001, random_state=1)",0.8149264705882353,0.8131744284977582,0.7578668315795365,0.8120265879556366,0.968895433042771,0.8149264705882353
"NNClassificationLearner(hidden_layer_sizes=[128], alpha=0.001, max_iter=300, random_state=1)",0.8133823529411764,0.81162406013915,0.7558781942061735,0.8102675148864545,0.9682535698342658,0.8133823529411764
"NNClassificationLearner(hidden_layer_sizes=[128], alpha=0.001, max_iter=500, random_state=1)",0.8117647058823529,0.8105932993288694,0.7539358050329513,0.8099239226527255,0.9682872322130615,0.8117647058823529
"NNClassificationLearner(hidden_layer_sizes=[128], alpha=0.01, random_state=1)",0.8190441176470589,0.8176920885063925,0.7631757247685405,0.8167401368104423,0.9701976303942181,0.8190441176470589
"NNClassificationLearner(hidden_layer_sizes=[128], alpha=0.01, max_iter=300, random_state=1)",0.8189705882352941,0.8172959484033047,0.7629025849659352,0.8160036773005691,0.9700179496013044,0.8189705882352941
"NNClassificationLearner(hidden_layer_sizes=[128], alpha=0.01, max_iter=500, random_state=1)",0.8189705882352941,0.8172959484033047,0.7629025849659352,0.8160036773005691,0.9700179496013044,0.8189705882352941
"NNClassificationLearner(hidden_layer_sizes=[32], random_state=1)",0.8305882352941176,0.8287903201854516,0.7780021045100208,0.8275798792836017,0.9736129266242799,0.8305882352941176
"NNClassificationLearner(hidden_layer_sizes=[32], max_iter=300, random_state=1)",0.8315441176470588,0.8296521279267282,0.7791863760593108,0.8287358402323796,0.9737775499735044,0.8315441176470588
"NNClassificationLearner(hidden_layer_sizes=[32], max_iter=500, random_state=1)",0.8315441176470588,0.8296521279267282,0.7791863760593108,0.8287358402323796,0.9737775499735044,0.8315441176470588
"NNClassificationLearner(hidden_layer_sizes=[32], alpha=0.001, random_state=1)",0.8311029411764705,0.8289377453870476,0.7789363180932596,0.8275493115407443,0.9737722745787133,0.8311029411764705
"NNClassificationLearner(hidden_layer_sizes=[32], alpha=0.001, max_iter=300, random_state=1)",0.8311029411764705,0.8289377453870476,0.7789363180932596,0.8275493115407443,0.9737722745787133,0.8311029411764705
"NNClassificationLearner(hidden_layer_sizes=[32], alpha=0.001, max_iter=500, random_state=1)",0.8311029411764705,0.8289377453870476,0.7789363180932596,0.8275493115407443,0.9737722745787133,0.8311029411764705
"NNClassificationLearner(hidden_layer_sizes=[32], alpha=0.01, random_state=1)",0.8330147058823529,0.831548035535443,0.7814593031923117,0.8307661329441198,0.9738057253775038,0.8330147058823529
"NNClassificationLearner(hidden_layer_sizes=[32], alpha=0.01, max_iter=300, random_state=1)",0.8330147058823529,0.831548035535443,0.7814593031923117,0.8307661329441198,0.9738057253775038,0.8330147058823529
"NNClassificationLearner(hidden_layer_sizes=[32], alpha=0.01, max_iter=500, random_state=1)",0.8330147058823529,0.831548035535443,0.7814593031923117,0.8307661329441198,0.9738057253775038,0.8330147058823529
"NNClassificationLearner(hidden_layer_sizes=[64], random_state=1)",0.8303676470588235,0.8285596842181459,0.778032575586164,0.8274033625556032,0.973573784323355,0.8303676470588235
"NNClassificationLearner(hidden_layer_sizes=[64], max_iter=300, random_state=1)",0.8303676470588235,0.8285596842181459,0.778032575586164,0.8274033625556032,0.973573784323355,0.8303676470588235
"NNClassificationLearner(hidden_layer_sizes=[64], max_iter=500, random_state=1)",0.8303676470588235,0.8285596842181459,0.778032575586164,0.8274033625556032,0.973573784323355,0.8303676470588235
"NNClassificationLearner(hidden_layer_sizes=[64], alpha=0.001, random_state=1)",0.8295588235294118,0.8277969659359273,0.7768422646231226,0.8265115105859114,0.9733002960088902,0.8295588235294118
"NNClassificationLearner(hidden_layer_sizes=[64], alpha=0.001, max_iter=300, random_state=1)",0.8341176470588235,0.8324877675682462,0.7827667785949443,0.8314403573747808,0.9740973813617312,0.8341176470588235
"NNClassificationLearner(hidden_layer_sizes=[64], alpha=0.001, max_iter=500, random_state=1)",0.8313970588235294,0.8298957862027831,0.7793478149674085,0.8286781860691685,0.9741425536927989,0.8313970588235294
"NNClassificationLearner(hidden_layer_sizes=[64], alpha=0.01, random_state=1)",0.8313970588235294,0.8297307590074516,0.779462168996196,0.8289301128852007,0.9737907455131498,0.8313970588235294
"NNClassificationLearner(hidden_layer_sizes=[64], alpha=0.01, max_iter=300, random_state=1)",0.8313970588235294,0.8297307590074516,0.779462168996196,0.8289301128852007,0.9737907455131498,0.8313970588235294
"NNClassificationLearner(hidden_layer_sizes=[64], alpha=0.01, max_iter=500, random_state=1)",0.8313970588235294,0.8297307590074516,0.779462168996196,0.8289301128852007,0.9737907455131498,0.8313970588235294
"SVMLearner(C=0.5, kernel='linear', coef0=1.0, probability=True, max_iter=1000)",0.4889705882352941,0.49801374242370205,0.3485830520316547,0.5306539987890583,0.8469181848895542,0.4889705882352941
"SVMLearner(C=0.5, kernel='linear', coef0=1.0, probability=True, max_iter=500)",0.5500735294117647,0.556924831035741,0.4155192508592796,0.5755877093274925,0.861439661162803,0.5500735294117647
"SVMLearner(C=0.5, kernel='linear', coef0=1.0, probability=True, tol=0.01, max_iter=1000)",0.4889705882352941,0.49801374242370205,0.3485830520316547,0.5306539987890583,0.8482401156028011,0.4889705882352941
"SVMLearner(C=0.5, kernel='linear', coef0=1.0, probability=True, tol=0.01, max_iter=500)",0.5500735294117647,0.556924831035741,0.4155192508592796,0.5755877093274925,0.861519447982689,0.5500735294117647
"SVMLearner(kernel='linear', coef0=1.0, probability=True, max_iter=1000)",0.4538235294117647,0.4650718718874172,0.3105774495640629,0.5157262375855727,0.8316081852009999,0.4538235294117647
"SVMLearner(kernel='linear', coef0=1.0, probability=True, max_iter=500)",0.5160294117647058,0.5265681730210744,0.3816512301316139,0.5520922138110423,0.8537015738505619,0.5160294117647058
"SVMLearner(kernel='linear', coef0=1.0, probability=True, tol=0.01, max_iter=1000)",0.4538235294117647,0.4650718718874172,0.3105774495640629,0.5157262375855727,0.8314939249456325,0.4538235294117647
"SVMLearner(kernel='linear', coef0=1.0, probability=True, tol=0.01, max_iter=500)",0.5160294117647058,0.5265681730210744,0.3816512301316139,0.5520922138110423,0.8550757507197104,0.5160294117647058
"SVMLearner(C=1.5, kernel='linear', coef0=1.0, probability=True, max_iter=1000)",0.5248529411764706,0.5369908184145482,0.39178970848036176,0.5719335542676997,0.8583121983715448,0.5248529411764706
"SVMLearner(C=1.5, kernel='linear', coef0=1.0, probability=True, max_iter=500)",0.44830882352941176,0.4509667629313031,0.2903977585284665,0.4712686354612071,0.8260169014621702,0.44830882352941176
"SVMLearner(C=1.5, kernel='linear', coef0=1.0, probability=True, tol=0.01, max_iter=1000)",0.5248529411764706,0.5369908184145482,0.39178970848036176,0.5719335542676997,0.8621646118392723,0.5248529411764706
"SVMLearner(C=1.5, kernel='linear', coef0=1.0, probability=True, tol=0.01, max_iter=500)",0.44830882352941176,0.4509667629313031,0.2903977585284665,0.4712686354612071,0.8222516166405023,0.44830882352941176
"SVMLearner(C=2.0, kernel='linear', coef0=1.0, probability=True, max_iter=1000)",0.5436764705882353,0.5555741856042143,0.4156627617421469,0.5901279528702299,0.8722743276382391,0.5436764705882353
"SVMLearner(C=2.0, kernel='linear', coef0=1.0, probability=True, max_iter=500)",0.5167647058823529,0.5255864141658544,0.382631902379715,0.5504173439508886,0.8546146614674783,0.5167647058823529
"SVMLearner(C=2.0, kernel='linear', coef0=1.0, probability=True, tol=0.01, max_iter=1000)",0.5436764705882353,0.5555741856042143,0.4156627617421469,0.5901279528702299,0.8649305196653178,0.5436764705882353
"SVMLearner(C=2.0, kernel='linear', coef0=1.0, probability=True, tol=0.01, max_iter=500)",0.5167647058823529,0.5255864141658544,0.382631902379715,0.5504173439508886,0.8550183984330215,0.5167647058823529
"SVMLearner(C=0.5, coef0=1.0, probability=True, max_iter=1000)",0.7648529411764706,0.7608158570041481,0.6931939341545554,0.7649135429193654,0.9472498816844612,0.7648529411764706
"SVMLearner(C=0.5, coef0=1.0, probability=True, max_iter=500)",0.7316176470588235,0.7324524057263189,0.6537827427017673,0.7386876381416693,0.9460380219424829,0.7316176470588235
"SVMLearner(C=0.5, gamma=0.01, coef0=1.0, probability=True, max_iter=1000)",0.6575,0.6396772339882908,0.5809096582865807,0.7009337919807129,0.9313211938506162,0.6575
"SVMLearner(C=0.5, gamma=0.01, coef0=1.0, probability=True, max_iter=500)",0.6836764705882353,0.6788711746652744,0.6029624847578201,0.721737166191165,0.9389830841503896,0.6836764705882353
"SVMLearner(C=0.5, gamma=0.1, coef0=1.0, probability=True, max_iter=1000)",0.6791911764705882,0.66785027409254,0.5778643865769504,0.6765096192323364,0.9124161184017505,0.6791911764705882
"SVMLearner(C=0.5, gamma=0.1, coef0=1.0, probability=True, max_iter=500)",0.669485294117647,0.6598394344412433,0.5634335669613191,0.662431680878488,0.898408421854646,0.669485294117647
"SVMLearner(coef0=1.0, probability=True, max_iter=1000)",0.7454411764705883,0.7433166696145289,0.6691159466369069,0.7462448493890506,0.9501331247286133,0.7454411764705883
"SVMLearner(coef0=1.0, probability=True, max_iter=500)",0.7141911764705883,0.7151306514136647,0.6314167374478233,0.720758568190238,0.9439653136868227,0.7141911764705883
"SVMLearner(gamma=0.01, coef0=1.0, probability=True, max_iter=1000)",0.6974264705882353,0.6862365822119024,0.6248093198324259,0.726442671288423,0.9439682334908917,0.6974264705882353
"SVMLearner(gamma=0.01, coef0=1.0, probability=True, max_iter=500)",0.6675,0.6615869575772424,0.5781767291832521,0.6817854704634017,0.9314096766087078,0.6675
"SVMLearner(gamma=0.1, coef0=1.0, probability=True, max_iter=1000)",0.6652941176470588,0.6602272678866192,0.5628542930559569,0.6758569666095591,0.9035873432163952,0.6652941176470588
"SVMLearner(gamma=0.1, coef0=1.0, probability=True, max_iter=500)",0.6343382352941176,0.6249846404963221,0.5257639593128514,0.6531403000244151,0.8829662904529685,0.6343382352941176
"SVMLearner(C=1.5, coef0=1.0, probability=True, max_iter=1000)",0.7320588235294118,0.7299589470858611,0.6519073425170149,0.7308408894607812,0.9439725426703269,0.7320588235294118
"SVMLearner(C=1.5, coef0=1.0, probability=True, max_iter=500)",0.67375,0.6770509554412729,0.579300385417357,0.6858797602573009,0.9312450321014826,0.67375
"SVMLearner(C=1.5, gamma=0.01, coef0=1.0, probability=True, max_iter=1000)",0.6658088235294117,0.6584231090169319,0.5864409652866901,0.6956993886376472,0.9394068789004069,0.6658088235294117
"SVMLearner(C=1.5, gamma=0.01, coef0=1.0, probability=True, max_iter=500)",0.6481617647058824,0.6354142959241612,0.5622234244059504,0.6727216689889471,0.9347772121789739,0.6481617647058824
"SVMLearner(C=1.5, gamma=0.1, coef0=1.0, probability=True, max_iter=1000)",0.5969852941176471,0.6041596864190486,0.49698654139212034,0.6359578584516182,0.9081053309585219,0.5969852941176471
"SVMLearner(C=1.5, gamma=0.1, coef0=1.0, probability=True, max_iter=500)",0.5147058823529411,0.528834836501835,0.42187679144810897,0.6148387232049494,0.8971284756670581,0.5147058823529411
"SVMLearner(C=2.0, coef0=1.0, probability=True, max_iter=1000)",0.6988235294117647,0.6970306336068299,0.608919978014132,0.7009531276454043,0.9380193231222754,0.6988235294117647
"SVMLearner(C=2.0, coef0=1.0, probability=True, max_iter=500)",0.6713235294117647,0.6635049818813301,0.5719721887283491,0.6849255637922977,0.9307694566715747,0.6713235294117647
"SVMLearner(C=2.0, gamma=0.01, coef0=1.0, probability=True, max_iter=1000)",0.6738970588235295,0.6620508360008903,0.5953000215488599,0.7012489826511328,0.9382071285873813,0.6738970588235295
"SVMLearner(C=2.0, gamma=0.01, coef0=1.0, probability=True, max_iter=500)",0.6603676470588236,0.6595853195338296,0.5592842288767503,0.6654349090925499,0.9223482409971863,0.6603676470588236
"SVMLearner(C=2.0, gamma=0.1, coef0=1.0, probability=True, max_iter=1000)",0.5738970588235294,0.5797530584232728,0.46889734667399047,0.6220792133931163,0.9037639913625707,0.5738970588235294
"SVMLearner(C=2.0, gamma=0.1, coef0=1.0, probability=True, max_iter=500)",0.48058823529411765,0.4921428518502778,0.38040783093559727,0.5881376035655239,0.8924958045095541,0.48058823529411765
